filename,prediction_1,confidence_1,prediction_2,confidence_2,prediction_3,confidence_3
A.Beautiful.Mind.2001__#00-25-20_00-29-20_label_A.mp4,Normal,90.95%,Car Accident,6.35%,Abuse,4.54%
A.Beautiful.Mind.2001__#00-40-52_00-42-01_label_A.mp4,Normal,32.23%,Fighting,1.65%,Explosion,1.24%
A.Beautiful.Mind.2001__#00-50-26_00-55-16_label_A.mp4,Normal,84.18%,Car Accident,1.57%,Fighting,1.38%
A.Beautiful.Mind.2001__#01-14-30_01-16-59_label_A.mp4,Normal,33.40%,Fighting,0.03%,Explosion,0.03%
About.Time.2013__#00-23-50_00-24-31_label_A.mp4,Normal,80.39%,Car Accident,0.80%,Shooting,0.27%
About.Time.2013__#00-30-50_00-32-31_label_A.mp4,Normal,53.91%,Fighting,5.23%,Explosion,4.08%
About.Time.2013__#00-40-52_00-42-31_label_A.mp4,Normal,19.53%,Fighting,4.37%,Explosion,1.42%
Bad.Boys.1995__#00-10-00_00-11-52_label_A.mp4,Fighting,14.82%,Normal,2.74%,Car Accident,1.52%
Bad.Boys.1995__#01-11-55_01-12-40_label_G-B2-B6.mp4,Explosion,90.73%,Car Accident,6.20%,Fighting,5.70%
Bad.Boys.1995__#01-33-51_01-34-37_label_B2-0-0.mp4,Shooting,99.86%,Explosion,70.11%,Fighting,22.22%
Bad.Boys.II.2003__#00-06-42_00-10-00_label_B2-G-0.mp4,Explosion,53.47%,Shooting,10.10%,Car Accident,6.12%
Bad.Boys.II.2003__#01-11-16_01-14-00_label_A.mp4,Normal,33.83%,Explosion,23.31%,Fighting,18.67%
Be.with.You.2018__#00-04-20_00-05-35_label_A.mp4,Normal,43.15%,Fighting,5.15%,Explosion,1.03%
Be.with.You.2018__#00-16-18_00-18-09_label_A.mp4,Fighting,54.21%,Car Accident,4.25%,Explosion,2.87%
Be.with.You.2018__#00-23-50_00-24-31_label_A.mp4,Fighting,6.46%,Explosion,4.61%,Car Accident,1.59%
Be.with.You.2018__#01-14-30_01-16-59_label_A.mp4,Normal,58.47%,Fighting,13.34%,Explosion,6.66%
Be.with.You.2018__#01-42-06_01-45-53_label_A.mp4,Normal,73.63%,Fighting,12.19%,Explosion,5.05%
Before.Sunrise.1995__#00-03-00_00-04-05_label_A.mp4,Normal,24.39%,Fighting,12.27%,Car Accident,2.65%
Before.Sunrise.1995__#00-04-20_00-05-35_label_A.mp4,Normal,48.16%,Fighting,16.33%,Explosion,9.00%
Before.Sunrise.1995__#00-23-50_00-24-31_label_A.mp4,Normal,86.75%,Explosion,0.68%,Car Accident,0.60%
Before.Sunrise.1995__#00-40-52_00-42-01_label_A.mp4,Normal,25.31%,Fighting,0.35%,Car Accident,0.16%
Before.Sunrise.1995__#00-42-52_00-45-31_label_A.mp4,Normal,14.62%,Fighting,0.16%,Car Accident,0.15%
Before.Sunrise.1995__#01-36-45_01-38-10_label_A.mp4,Normal,90.59%,Riot,0.09%,Explosion,0.06%
Before.Sunset.2004__#00-23-50_00-24-31_label_A.mp4,Normal,8.47%,Car Accident,2.15%,Fighting,1.24%
Before.Sunset.2004__#01-14-30_01-16-51_label_A.mp4,Normal,45.27%,Car Accident,1.98%,Shooting,0.59%
Black.Hawk.Down.2001__#00-06-44_00-07-39_label_A.mp4,Normal,2.24%,Explosion,0.48%,Fighting,0.22%
Black.Hawk.Down.2001__#01-13-59_01-14-49_label_B2-0-0.mp4,Shooting,100.00%,Explosion,67.94%,Car Accident,0.74%
Black.Hawk.Down.2001__#01-32-40_01-34-00_label_B4-0-0.mp4,Explosion,32.08%,Fighting,27.21%,Car Accident,15.31%
Black.Hawk.Down.2001__#01-36-44_01-37-33_label_A.mp4,Fighting,20.69%,Normal,16.11%,Explosion,10.90%
Black.Hawk.Down.2001__#01-42-58_01-43-58_label_G-0-0.mp4,Explosion,17.34%,Normal,12.14%,Fighting,6.52%
Black.Hawk.Down.2001__#02-00-12_02-01-29_label_B2-0-0.mp4,Shooting,100.00%,Explosion,22.70%,Fighting,2.33%
Braveheart.1995__#00-56-30_00-57-20_label_B1-0-0.mp4,Fighting,92.56%,Car Accident,37.06%,Explosion,33.67%
Braveheart.1995__#01-26-50_01-32-30_label_B1-0-0.mp4,Fighting,80.37%,Explosion,29.55%,Car Accident,23.92%
Braveheart.1995__#02-05-34_02-06-40_label_B1-0-0.mp4,Car Accident,36.04%,Fighting,34.43%,Shooting,19.58%
Braveheart.1995__#02-07-00_02-08-15_label_B1-0-0.mp4,Fighting,59.36%,Car Accident,9.52%,Shooting,8.61%
Brick.Mansions.2014__#00-08-37_00-10-04_label_A.mp4,Fighting,32.62%,Normal,14.55%,Explosion,4.67%
Brick.Mansions.2014__#00-11-57_00-12-12_label_B2-0-0.mp4,Normal,2.75%,Fighting,2.06%,Explosion,1.43%
Brick.Mansions.2014__#00-16-26_00-17-12_label_B1-0-0.mp4,Fighting,99.97%,Car Accident,89.85%,Explosion,75.99%
Brick.Mansions.2014__#00-41-25_00-42-36_label_B1-0-0.mp4,Fighting,36.57%,Car Accident,22.60%,Explosion,8.47%
Brick.Mansions.2014__#01-02-00_01-02-43_label_B2-0-0.mp4,Explosion,86.49%,Shooting,6.82%,Fighting,5.43%
Bullet.in.the.Head.1990__#00-03-59_00-04-40_label_A.mp4,Normal,31.14%,Explosion,26.91%,Fighting,16.76%
Bullet.in.the.Head.1990__#00-17-20_00-18-55_label_B1-0-0.mp4,Fighting,59.68%,Car Accident,30.77%,Shooting,7.34%
Bullet.in.the.Head.1990__#00-23-31_00-24-40_label_G-0-0.mp4,Normal,98.88%,Explosion,10.50%,Car Accident,2.43%
Bullet.in.the.Head.1990__#00-25-11_00-26-15_label_A.mp4,Car Accident,27.07%,Normal,18.42%,Fighting,15.82%
Bullet.in.the.Head.1990__#00-41-30_00-44-16_label_B4-G-0.mp4,Fighting,61.42%,Car Accident,35.94%,Explosion,20.59%
Bullet.in.the.Head.1990__#00-51-46_00-52-50_label_A.mp4,Fighting,4.98%,Normal,4.31%,Explosion,0.86%
Bullet.in.the.Head.1990__#01-26-30_01-27-34_label_B2-0-0.mp4,Car Accident,21.76%,Normal,14.74%,Explosion,6.38%
Bullet.in.the.Head.1990__#01-45-21_01-46-20_label_B2-0-0.mp4,Car Accident,2.96%,Shooting,2.90%,Explosion,0.74%
Bullet.in.the.Head.1990__#01-58-25_01-59-30_label_A.mp4,Normal,89.63%,Explosion,7.51%,Car Accident,4.43%
Bullet.in.the.Head.1990__#02-02-00_02-05-22_label_B2-B6-G.mp4,Explosion,78.77%,Shooting,25.43%,Car Accident,24.65%
Casino.Royale.2006__#00-18-30_00-19-20_label_G-B2-0.mp4,Explosion,28.97%,Shooting,22.16%,Car Accident,19.30%
Casino.Royale.2006__#00-28-10_00-30-10_label_A.mp4,Normal,82.20%,Car Accident,0.33%,Riot,0.32%
Casino.Royale.2006__#00-50-05_00-51-16_label_B1-B2-B6.mp4,Explosion,94.96%,Shooting,50.59%,Fighting,49.68%
Casino.Royale.2006__#00-51-16_00-52-41_label_B1-B6-0.mp4,Explosion,74.74%,Fighting,20.62%,Shooting,15.75%
Casino.Royale.2006__#01-17-29_01-17-46_label_B1-0-0.mp4,Fighting,38.56%,Explosion,11.65%,Car Accident,3.69%
Casino.Royale.2006__#01-46-40_01-47-14_label_B6-0-0.mp4,Explosion,91.34%,Shooting,88.65%,Fighting,70.38%
City.of.God.2002__#00-33-10_00-34-50_label_A.mp4,Normal,20.62%,Explosion,18.83%,Fighting,11.41%
City.of.God.2002__#00-37-20_00-38-02_label_B5-0-0.mp4,Fighting,2.80%,Car Accident,1.43%,Normal,1.13%
City.of.God.2002__#00-40-16_00-41-30_label_B2-0-0.mp4,Fighting,16.36%,Shooting,4.85%,Explosion,3.16%
City.of.God.2002__#01-24-10_01-25-10_label_B2-0-0.mp4,Shooting,66.01%,Explosion,16.68%,Fighting,7.62%
City.of.God.2002__#01-52-20_01-54-32_label_B2-0-0.mp4,Fighting,53.25%,Explosion,20.38%,Shooting,9.85%
City.Of.Men.2007__#00-51-50_00-53-31_label_B2-0-0.mp4,Fighting,75.39%,Car Accident,56.02%,Shooting,48.87%
City.Of.Men.2007__#00-57-37_00-58-27_label_B2-0-0.mp4,Explosion,49.68%,Fighting,13.64%,Car Accident,7.53%
City.Of.Men.2007__#01-17-27_01-17-59_label_B2-0-0.mp4,Fighting,22.78%,Explosion,10.67%,Car Accident,5.28%
City.Of.Men.2007__#01-35-30_01-36-00_label_B2-0-0.mp4,Fighting,65.10%,Shooting,30.66%,Car Accident,19.05%
City.Of.Men.2007__#01-36-01_01-37-31_label_A.mp4,Normal,73.89%,Fighting,6.05%,Abuse,1.58%
Crank.Dircut.2006__#0-27-42_0-29-01_label_B1-0-0.mp4,Explosion,38.79%,Fighting,20.65%,Car Accident,11.59%
Deadpool.2.2018__#0-02-35_0-03-12_label_A.mp4,Normal,17.93%,Explosion,16.44%,Car Accident,1.52%
Deadpool.2.2018__#0-04-46_0-05-01_label_B2-0-0.mp4,Shooting,68.91%,Explosion,50.62%,Fighting,4.97%
Deadpool.2.2018__#0-50-30_0-51-20_label_B1-0-0.mp4,Fighting,98.00%,Riot,74.49%,Explosion,31.75%
Deadpool.2.2018__#01-03-09_01-03-54_label_B4-0-0.mp4,Normal,66.07%,Fighting,7.40%,Car Accident,0.48%
Deadpool.2016__#0-18-35_0-18-55_label_A.mp4,Fighting,31.22%,Explosion,8.44%,Normal,3.09%
Deadpool.2016__#0-18-58_0-19-20_label_B1-0-0.mp4,Fighting,99.98%,Car Accident,32.86%,Explosion,0.69%
Death.Proof.2007__#00-02-04_00-05-00_label_A.mp4,Normal,77.41%,Fighting,11.16%,Explosion,6.74%
Death.Proof.2007__#00-45-05_00-47-36_label_B5-0-0.mp4,Car Accident,28.47%,Explosion,18.35%,Fighting,15.93%
Death.Proof.2007__#01-40-41_01-42-17_label_B5-B6-0.mp4,Car Accident,60.51%,Fighting,44.91%,Explosion,11.35%
Desperado.1995__#00-16-48_00-18-52_label_B1-0-0.mp4,Fighting,49.50%,Riot,30.52%,Car Accident,8.73%
Desperado.1995__#00-19-00_00-20-31_label_A.mp4,Fighting,14.18%,Normal,3.44%,Shooting,1.59%
Desperado.1995__#00-38-36_00-39-21_label_B1-B2-0.mp4,Fighting,36.78%,Explosion,32.96%,Car Accident,11.30%
Desperado.1995__#01-14-11_01-17-28_label_B2-G-0.mp4,Explosion,25.20%,Shooting,15.47%,Fighting,4.66%
Desperado.1995__#01-22-10_01-23-17_label_A.mp4,Normal,10.41%,Fighting,0.15%,Car Accident,0.12%
Election.2005__#00-03-35_00-05-05_label_A.mp4,Fighting,7.44%,Normal,4.38%,Car Accident,1.59%
Election.2005__#00-47-57_00-50-54_label_B5-0-0.mp4,Normal,53.38%,Explosion,4.23%,Fighting,4.02%
Fast.Five.2011__#00-01-41_00-01-57_label_B6-0-0.mp4,Shooting,99.96%,Explosion,94.73%,Fighting,64.55%
Fast.Five.2011__#00-32-05_00-32-24_label_B1-B2-0.mp4,Shooting,99.64%,Car Accident,19.47%,Explosion,16.67%
Fast.Five.2011__#00-32-56_00-33-26_label_B2-0-0.mp4,Shooting,100.00%,Explosion,23.27%,Car Accident,0.94%
Fast.Five.2011__#01-29-27_01-32-05_label_B1-0-0.mp4,Fighting,99.73%,Car Accident,8.16%,Shooting,1.45%
Fast.Five.2011__#01-59-16_02-01-12_label_A.mp4,Normal,89.22%,Fighting,4.17%,Shooting,3.89%
Fast.Furious.2009__#00-21-06_00-21-57_label_B6-B2-0.mp4,Explosion,64.04%,Shooting,26.94%,Fighting,16.78%
Fast.Furious.2009__#00-25-59_00-26-25_label_B1-0-0.mp4,Car Accident,78.08%,Fighting,77.57%,Explosion,22.73%
Fast.Furious.2009__#00-42-10_00-42-41_label_B6-0-0.mp4,Explosion,88.59%,Fighting,83.71%,Car Accident,54.41%
Fast.Furious.2009__#01-08-33_01-10-18_label_A.mp4,Normal,88.65%,Car Accident,0.23%,Fighting,0.15%
Fast.Furious.2009__#01-18-00_01-19-00_label_B2-B6-0.mp4,Explosion,96.19%,Shooting,78.23%,Fighting,51.58%
Fast.Furious.2009__#01-29-10_01-29-55_label_B2-0-0.mp4,Explosion,56.01%,Fighting,18.12%,Shooting,13.00%
Fast.Furious.6.2013__#00-45-40_00-47-13_label_B2-0-0.mp4,Shooting,96.72%,Explosion,20.26%,Fighting,17.21%
Fast.Furious.6.2013__#01-03-25_01-04-59_label_B1-0-0.mp4,Fighting,87.21%,Car Accident,4.85%,Explosion,4.10%
Fast.Furious.6.2013__#01-37-00_01-38-05_label_A.mp4,Normal,16.21%,Explosion,0.64%,Car Accident,0.30%
Fast.Furious.6.2013__#01-38-33_01-39-20_label_B1-0-0.mp4,Fighting,9.76%,Normal,4.87%,Car Accident,2.83%
Flipped.2010__#00-08-55_00-10-50_label_A.mp4,Normal,61.51%,Car Accident,4.24%,Riot,3.06%
Flipped.2010__#00-42-52_00-45-31_label_A.mp4,Normal,19.89%,Car Accident,0.44%,Explosion,0.43%
Flipped.2010__#00-45-40_00-47-30_label_A.mp4,Normal,52.01%,Fighting,17.98%,Explosion,13.58%
Flipped.2010__#01-07-30_01-09-51_label_A.mp4,Normal,10.22%,Car Accident,0.49%,Fighting,0.48%
Flipped.2010__#01-10-30_01-13-51_label_A.mp4,Normal,2.22%,Fighting,2.10%,Car Accident,0.72%
From.Dusk.Till.Dawn.1996__#00-31-52_00-34-21_label_A.mp4,Normal,82.21%,Fighting,10.85%,Explosion,3.12%
Fury.2014__#00-07-30_00-07-58_label_G-0-0.mp4,Fighting,35.21%,Car Accident,30.50%,Explosion,26.23%
Fury.2014__#00-39-36_00-40-44_label_B1-B2-0.mp4,Fighting,28.60%,Car Accident,6.41%,Explosion,1.66%
Fury.2014__#01-13-32_01-14-43_label_A.mp4,Explosion,25.13%,Fighting,8.81%,Normal,6.70%
Gladiator.2000__#01-10-27_01-11-59_label_B1-0-0.mp4,Fighting,49.02%,Explosion,9.26%,Shooting,7.52%
Gladiator.2000__#02-43-00_02-43-59_label_A.mp4,Normal,63.83%,Explosion,0.11%,Car Accident,0.10%
God.Bless.America.2011__#00-12-40_00-13-12_label_B2-0-0.mp4,Fighting,17.93%,Explosion,6.68%,Shooting,5.70%
God.Bless.America.2011__#00-38-25_00-39-37_label_B2-B5-0.mp4,Normal,5.02%,Fighting,1.00%,Car Accident,0.71%
God.Bless.America.2011__#00-51-00_00-52-00_label_A.mp4,Normal,25.23%,Fighting,20.28%,Explosion,6.14%
God.Bless.America.2011__#00-58-09_01-04-00_label_A.mp4,Normal,4.76%,Fighting,0.98%,Car Accident,0.36%
God.Bless.America.2011__#01-23-13_01-25-31_label_A.mp4,Normal,81.85%,Car Accident,0.08%,Explosion,0.05%
God.Bless.America.2011__#01-32-00_01-32-50_label_B2-0-0.mp4,Fighting,26.06%,Riot,18.56%,Explosion,10.50%
GoldenEye.1995__#00-10-00_00-10-40_label_G-0-0.mp4,Normal,70.14%,Explosion,35.94%,Shooting,4.29%
GoldenEye.1995__#00-24-53_00-25-06_label_B1-0-0.mp4,Fighting,99.80%,Car Accident,6.39%,Shooting,1.43%
GoldenEye.1995__#00-56-11_00-56-51_label_A.mp4,Normal,92.21%,Car Accident,2.56%,Explosion,2.15%
GoldenEye.1995__#01-02-11_01-03-43_label_A.mp4,Normal,89.85%,Car Accident,0.75%,Fighting,0.70%
GoldenEye.1995__#01-17-05_01-19-57_label_B2-B1-0.mp4,Shooting,93.97%,Explosion,78.99%,Fighting,20.57%
GoldenEye.1995__#01-33-40_01-34-30_label_A.mp4,Normal,83.53%,Car Accident,0.72%,Fighting,0.28%
GoldenEye.1995__#02-02-15_02-02-47_label_B1-0-0.mp4,Explosion,95.16%,Fighting,7.25%,Car Accident,3.80%
GoldenEye.1995__#02-03-40_02-04-13_label_G-0-0.mp4,Explosion,99.95%,Fighting,15.25%,Shooting,8.65%
Good.Will.Hunting.1997__#00-08-55_00-10-50_label_A.mp4,Riot,55.23%,Explosion,13.60%,Fighting,9.24%
Good.Will.Hunting.1997__#00-58-18_01-02-30_label_A.mp4,Normal,65.58%,Fighting,9.24%,Explosion,5.38%
Haywire.2011__#00-02-06_00-03-29_label_A.mp4,Explosion,63.97%,Car Accident,63.82%,Fighting,17.07%
Haywire.2011__#00-03-51_00-05-12_label_B1-B2-0.mp4,Fighting,95.58%,Car Accident,53.03%,Abuse,15.78%
Haywire.2011__#00-16-07_00-16-49_label_B1-0-0.mp4,Fighting,97.95%,Car Accident,2.27%,Explosion,0.59%
Haywire.2011__#00-39-07_00-41-48_label_B1-B2-0.mp4,Fighting,60.64%,Car Accident,5.11%,Shooting,0.10%
Haywire.2011__#01-20-20_01-21-57_label_B1-0-0.mp4,Fighting,36.58%,Normal,4.66%,Explosion,2.87%
Hear.Me.2009__#00-30-50_00-32-31_label_A.mp4,Normal,66.69%,Car Accident,0.82%,Fighting,0.39%
Hear.Me.2009__#00-49-48_00-51-12_label_A.mp4,Normal,57.73%,Car Accident,24.76%,Explosion,5.34%
Hot.Fuzz.2007__#00-19-20_00-22-06_label_A.mp4,Fighting,34.85%,Explosion,6.64%,Car Accident,5.51%
IP.Man.2.2010__#00-02-50_00-06-45_label_A.mp4,Normal,85.62%,Explosion,1.88%,Fighting,1.83%
IP.Man.2.2010__#00-07-14_00-09-13_label_B1-0-0.mp4,Fighting,4.32%,Explosion,1.52%,Car Accident,0.65%
IP.Man.2.2010__#00-54-00_00-57-12_label_A.mp4,Normal,76.87%,Fighting,7.50%,Explosion,4.65%
IP.Man.2.2010__#01-35-55_01-39-11_label_B1-0-0.mp4,Explosion,30.42%,Fighting,15.23%,Shooting,2.32%
IP.Man.2.2010__#01-44-00_01-44-42_label_A.mp4,Normal,39.22%,Fighting,26.85%,Shooting,6.00%
Ip.Man.2008__#00-02-56_00-05-24_label_A.mp4,Normal,79.36%,Fighting,6.72%,Explosion,1.95%
Ip.Man.2008__#00-40-25_00-40-45_label_A.mp4,Normal,3.04%,Fighting,0.15%,Car Accident,0.04%
Ip.Man.2008__#00-46-51_00-47-30_label_B1-0-0.mp4,Fighting,43.62%,Explosion,8.05%,Car Accident,4.90%
Ip.Man.2008__#00-48-57_00-50-47_label_B1-0-0.mp4,Fighting,34.39%,Explosion,19.31%,Car Accident,7.09%
Ip.Man.2008__#01-04-27_01-06-22_label_A.mp4,Normal,77.77%,Fighting,8.94%,Explosion,3.59%
Ip.Man.2008__#01-14-31_01-15-24_label_B1-0-0.mp4,Fighting,7.90%,Shooting,6.43%,Car Accident,1.07%
Ip.Man.2008__#01-40-37_01-42-07_label_B4-0-0.mp4,Normal,30.52%,Explosion,13.32%,Fighting,8.26%
Ip.Man.3.2015__#00-17-51_00-18-51_label_B1-0-0.mp4,Explosion,12.43%,Normal,8.68%,Fighting,4.83%
Ip.Man.3.2015__#00-44-45_00-45-08_label_B1-0-0.mp4,Fighting,59.38%,Car Accident,9.83%,Explosion,1.71%
Ip.Man.3.2015__#00-46-08_00-54-20_label_B1-0-0.mp4,Fighting,54.95%,Explosion,37.68%,Shooting,12.55%
Jason.Bourne.2016__#0-17-25_0-18-53_label_B4-0-0.mp4,Fighting,26.87%,Riot,20.46%,Car Accident,10.56%
Jason.Bourne.2016__#0-29-48_0-30-29_label_B4-0-0.mp4,Fighting,36.83%,Car Accident,15.23%,Shooting,13.17%
Jason.Bourne.2016__#0-50-20_0-50-30_label_G-0-0.mp4,Explosion,77.33%,Car Accident,73.62%,Shooting,35.00%
Jason.Bourne.2016__#0-51-37_0-53-20_label_A.mp4,Normal,96.29%,Car Accident,3.15%,Explosion,2.57%
Kill.Bill.Vol.1.2003__#00-21-42_00-22-42_label_A.mp4,Fighting,18.93%,Explosion,14.01%,Normal,5.69%
Kill.Bill.Vol.1.2003__#01-08-15_01-09-15_label_A.mp4,Explosion,41.90%,Fighting,34.36%,Car Accident,17.00%
Kill.Bill.Vol.1.2003__#01-17-20_01-20-20_label_B1-0-0.mp4,Fighting,67.48%,Car Accident,54.12%,Explosion,10.07%
Kill.Bill.Vol.1.2003__#01-21-39_01-26-55_label_B1-0-0.mp4,Fighting,63.49%,Shooting,9.97%,Explosion,4.60%
Kill.Bill.Vol.1.2003__#01-26-56_01-28-18_label_B1-0-0.mp4,Fighting,73.42%,Car Accident,0.55%,Explosion,0.41%
Kill.Bill.Vol.2.2004__#0-25-20_0-26-20_label_B2-0-0.mp4,Normal,21.81%,Fighting,10.00%,Explosion,5.49%
Kill.Bill.Vol.2.2004__#01-03-13_01-04-13_label_A.mp4,Fighting,25.74%,Car Accident,16.68%,Explosion,12.64%
Kingsman.The.Golden.Circle.2017__#00-35-55_00-36-35_label_B1-0-0.mp4,Fighting,44.78%,Shooting,12.18%,Explosion,8.60%
Kingsman.The.Golden.Circle.2017__#00-41-22_00-41-32_label_B2-0-0.mp4,Explosion,66.66%,Fighting,20.87%,Shooting,5.19%
Kingsman.The.Golden.Circle.2017__#00-44-52_00-46-20_label_A.mp4,Normal,28.33%,Explosion,1.84%,Fighting,0.86%
Kingsman.The.Golden.Circle.2017__#02-09-30_02-10-45_label_A.mp4,Normal,18.41%,Explosion,4.30%,Fighting,0.91%
Kingsman.The.Secret.Service.2014__#00-22-10_00-23-10_label_B2-0-0.mp4,Normal,32.48%,Fighting,14.47%,Explosion,11.22%
Kingsman.The.Secret.Service.2014__#00-25-29_00-26-24_label_A.mp4,Normal,92.73%,Fighting,0.03%,Car Accident,0.03%
Kingsman.The.Secret.Service.2014__#01-43-40_01-44-50_label_B2-G-0.mp4,Fighting,18.88%,Explosion,17.42%,Car Accident,12.12%
Law.Abiding.Citizen.2009__#00-00-35_00-01-31_label_A.mp4,Normal,8.33%,Explosion,2.84%,Car Accident,1.13%
Law.Abiding.Citizen.2009__#01-26-34_01-27-25_label_B2-0-0.mp4,Shooting,64.37%,Explosion,9.97%,Normal,4.32%
Lord.of.War__#00-50-10_00-50-50_label_G-0-0.mp4,Car Accident,33.75%,Explosion,19.32%,Fighting,14.18%
Lord.of.War__#00-59-20_01-00-35_label_A.mp4,Normal,50.08%,Explosion,1.48%,Car Accident,0.46%
Lord.of.War__#01-41-04_01-41-53_label_B1-0-0.mp4,Normal,97.81%,Car Accident,4.49%,Abuse,3.51%
Love.Actually.2003__#00-51-55_00-55-16_label_A.mp4,Normal,47.48%,Fighting,0.54%,Car Accident,0.19%
Love.Actually.2003__#01-04-40_01-06-59_label_A.mp4,Fighting,13.76%,Car Accident,10.50%,Normal,8.81%
Love.Actually.2003__#01-17-00_01-19-40_label_A.mp4,Normal,35.41%,Car Accident,1.13%,Fighting,0.54%
Love.Actually.2003__#01-34-18_01-38-11_label_A.mp4,Normal,96.10%,Car Accident,0.78%,Explosion,0.46%
Love.Actually.2003__#01-39-05_01-46-40_label_A.mp4,Normal,51.26%,Fighting,11.40%,Explosion,5.93%
Love.Death.and.Robots.S01E02__#00-03-15_00-04-20_label_A.mp4,Normal,3.26%,Explosion,2.02%,Fighting,1.81%
Love.Death.and.Robots.S01E04__#00-14-28_00-15-27_label_A.mp4,Normal,15.02%,Fighting,1.88%,Explosion,0.87%
Love.Death.and.Robots.S01E10__#0-01-00_0-02-13_label_B2-G-0.mp4,Explosion,51.92%,Shooting,9.61%,Car Accident,6.70%
Love.Death.and.Robots.S01E13__#0-11-48_0-12-07_label_G-0-0.mp4,Explosion,87.72%,Car Accident,5.26%,Shooting,1.89%
Love.Death.and.Robots.S01E15__#0-05-38_0-06-18_label_G-0-0.mp4,Fighting,55.38%,Explosion,22.80%,Shooting,8.21%
Love.Me.If.You.Dare.2003__#00-11-20_00-15-08_label_A.mp4,Normal,20.13%,Fighting,4.42%,Car Accident,1.72%
Love.Me.If.You.Dare.2003__#00-33-52_00-39-00_label_A.mp4,Normal,37.71%,Fighting,10.13%,Car Accident,3.05%
Love.Me.If.You.Dare.2003__#01-04-40_01-06-59_label_A.mp4,Normal,71.27%,Fighting,12.42%,Explosion,5.35%
Mindhunters.2004__#01-19-00_01-20-05_label_B2-0-0.mp4,Shooting,69.64%,Explosion,11.49%,Car Accident,2.75%
Mission.Impossible.Fallout.2018__#00-31-21_00-32-50_label_B1-0-0.mp4,Fighting,100.00%,Car Accident,2.34%,Shooting,0.17%
Mission.Impossible.Fallout.2018__#00-39-18_00-40-36_label_B1-0-0.mp4,Fighting,97.11%,Riot,5.98%,Shooting,4.57%
Mission.Impossible.Fallout.2018__#02-03-50_02-04-35_label_B1-0-0.mp4,Fighting,94.02%,Shooting,61.80%,Car Accident,59.77%
Mission.Impossible.Ghost.Protocol.2011__#00-01-18_00-01-40_label_B2-0-0.mp4,Shooting,95.33%,Fighting,10.85%,Explosion,3.42%
Mission.Impossible.Ghost.Protocol.2011__#00-49-03_00-51-21_label_A.mp4,Normal,41.60%,Car Accident,1.38%,Fighting,0.52%
Mission.Impossible.Ghost.Protocol.2011__#01-07-24_01-09-09_label_A.mp4,Normal,12.53%,Fighting,1.44%,Car Accident,0.22%
Mission.Impossible.Ghost.Protocol.2011__#01-12-38_01-13-43_label_B1-0-0.mp4,Fighting,40.06%,Car Accident,3.51%,Explosion,0.80%
Mission.Impossible.Ghost.Protocol.2011__#01-24-59_01-28-30_label_A.mp4,Normal,81.30%,Fighting,2.74%,Explosion,1.06%
Mission.Impossible.Ghost.Protocol.2011__#01-54-24_01-54-50_label_B1-0-0.mp4,Fighting,99.74%,Car Accident,11.60%,Shooting,0.78%
Mission.Impossible.Ghost.Protocol.2011__#01-56-52_01-57-03_label_B1-0-0.mp4,Shooting,53.48%,Fighting,21.33%,Car Accident,9.50%
Mission.Impossible.II.2000__#00-11-37_00-15-46_label_A.mp4,Fighting,1.02%,Normal,0.52%,Riot,0.19%
Mission.Impossible.II.2000__#00-24-30_00-30-10_label_A.mp4,Normal,82.73%,Car Accident,3.38%,Explosion,1.70%
Mission.Impossible.II.2000__#01-18-55_01-20-53_label_B2-0-0.mp4,Fighting,4.39%,Explosion,1.22%,Normal,1.21%
Mission.Impossible.II.2000__#01-25-08_01-25-31_label_B2-0-0.mp4,Explosion,0.95%,Car Accident,0.75%,Fighting,0.31%
Mission.Impossible.II.2000__#01-29-30_01-29-44_label_B1-0-0.mp4,Shooting,9.01%,Fighting,1.17%,Car Accident,0.18%
Mission.Impossible.II.2000__#01-32-56_01-33-25_label_B1-0-0.mp4,Car Accident,25.28%,Shooting,16.85%,Explosion,11.01%
Mission.Impossible.II.2000__#01-38-25_01-38-41_label_B2-B5-0.mp4,Fighting,7.72%,Car Accident,5.28%,Shooting,1.52%
Mission.Impossible.II.2000__#01-46-20_01-47-11_label_B2-B6-0.mp4,Shooting,76.48%,Explosion,69.12%,Fighting,38.57%
Mission.Impossible.III.2006__#00-19-56_00-20-26_label_B2-0-0.mp4,Shooting,100.00%,Fighting,35.59%,Car Accident,10.72%
Mission.Impossible.III.2006__#00-56-23_00-56-40_label_G-0-0.mp4,Explosion,86.78%,Fighting,16.46%,Car Accident,4.50%
Mission.Impossible.III.2006__#01-06-52_01-07-15_label_G-0-0.mp4,Explosion,94.56%,Fighting,16.13%,Car Accident,10.92%
Mission.Impossible.III.2006__#01-54-02_01-54-40_label_B2-0-0.mp4,Shooting,99.66%,Car Accident,38.83%,Explosion,24.46%
Mission.Impossible.V.Rogue.Nation.2015__#00-14-40_00-17-12_label_B1-0-0.mp4,Fighting,89.88%,Car Accident,4.06%,Shooting,3.20%
Mission.Impossible.V.Rogue.Nation.2015__#00-17-27_00-17-55_label_B2-0-0.mp4,Fighting,15.24%,Shooting,3.46%,Car Accident,2.57%
Mission.Impossible.V.Rogue.Nation.2015__#01-15-52_01-16-48_label_B6-B2-0.mp4,Explosion,97.66%,Fighting,36.92%,Car Accident,36.12%
Mission.Impossible.V.Rogue.Nation.2015__#01-19-48_01-20-20_label_B6-0-0.mp4,Explosion,65.56%,Fighting,22.05%,Car Accident,17.36%
Mission.Impossible.V.Rogue.Nation.2015__#01-29-39_01-33-39_label_A.mp4,Normal,95.27%,Explosion,4.75%,Car Accident,3.17%
Mission.Impossible.V.Rogue.Nation.2015__#01-54-23_01-55-10_label_B2-0-0.mp4,Fighting,42.27%,Explosion,23.57%,Car Accident,18.02%
New.Kids.Turbo.2010__#00-22-35_00-23-14_label_B1-0-0.mp4,Fighting,35.17%,Car Accident,11.55%,Explosion,4.00%
New.Kids.Turbo.2010__#00-41-30_00-42-05_label_A.mp4,Normal,36.78%,Explosion,7.07%,Car Accident,2.67%
New.Kids.Turbo.2010__#00-50-13_00-50-34_label_B1-0-0.mp4,Explosion,21.77%,Fighting,15.17%,Shooting,8.23%
One.Day.2011__#01-02-50_01-07-05_label_A.mp4,Normal,70.65%,Fighting,1.73%,Car Accident,1.07%
Operation.Red.Sea.2018__#0-02-17_0-02-37_label_B2-0-0.mp4,Shooting,96.86%,Explosion,32.36%,Fighting,8.13%
Operation.Red.Sea.2018__#0-12-26_0-13-36_label_A.mp4,Explosion,51.63%,Normal,37.73%,Fighting,19.86%
Operation.Red.Sea.2018__#0-16-06_0-16-46_label_G-0-0.mp4,Normal,41.15%,Explosion,13.83%,Fighting,13.66%
Operation.Red.Sea.2018__#0-25-36_0-26-03_label_G-0-0.mp4,Explosion,26.03%,Fighting,13.62%,Shooting,8.22%
Operation.Red.Sea.2018__#0-29-36_0-30-20_label_B2-G-0.mp4,Explosion,85.32%,Shooting,49.55%,Car Accident,17.72%
Operation.Red.Sea.2018__#0-45-54_0-46-33_label_A.mp4,Normal,60.35%,Fighting,3.97%,Explosion,1.27%
Operation.Red.Sea.2018__#0-56-26_0-57-10_label_G-0-0.mp4,Explosion,97.68%,Fighting,12.32%,Car Accident,8.56%
Operation.Red.Sea.2018__#01-20-58_01-22-00_label_B5-0-0.mp4,Normal,56.40%,Fighting,13.16%,Explosion,5.14%
Operation.Red.Sea.2018__#01-37-22_01-37-36_label_G-B2-0.mp4,Explosion,89.41%,Fighting,37.44%,Car Accident,22.18%
Quantum.Of.Solace.2008__#00-47-29_00-50-52_label_A.mp4,Normal,21.61%,Explosion,10.44%,Fighting,6.10%
Quantum.Of.Solace.2008__#01-19-30_01-20-05_label_B1-0-0.mp4,Fighting,95.52%,Shooting,19.63%,Car Accident,14.79%
Quantum.Of.Solace.2008__#01-30-26_01-30-42_label_B2-B1-0.mp4,Fighting,69.82%,Shooting,62.34%,Explosion,55.91%
Rush.Hour.1998.BluRay__#00-08-08_00-09-15_label_B2-B6-G.mp4,Car Accident,82.43%,Shooting,79.65%,Explosion,48.82%
Rush.Hour.1998.BluRay__#00-11-05_00-12-10_label_B2-B1-0.mp4,Car Accident,37.49%,Fighting,27.10%,Shooting,19.46%
Rush.Hour.1998.BluRay__#01-20-28_01-21-38_label_B2-0-0.mp4,Shooting,96.39%,Explosion,18.08%,Fighting,5.93%
Rush.Hour.1998.BluRay__#01-25-21_01-25-46_label_B2-0-0.mp4,Normal,1.18%,Explosion,0.54%,Fighting,0.25%
Rush.Hour.3.2007.BluRay__#00-04-59_00-05-31_label_B2-0-0.mp4,Fighting,17.96%,Explosion,11.18%,Car Accident,4.22%
Rush.Hour.3.2007.BluRay__#00-34-11_00-35-46_label_B1-0-0.mp4,Fighting,81.32%,Car Accident,4.37%,Shooting,3.00%
Rush.Hour.3.2007.BluRay__#00-40-56_00-41-52_label_B2-0-0.mp4,Shooting,26.45%,Car Accident,26.36%,Fighting,11.84%
Rush.Hour.3.2007.BluRay__#01-00-40_01-04-00_label_A.mp4,Normal,58.09%,Fighting,7.55%,Car Accident,5.18%
Rush.Hour.3.2007.BluRay__#01-12-16_01-12-36_label_B1-0-0.mp4,Fighting,65.73%,Car Accident,25.16%,Explosion,7.31%
Salt.2010__#00-02-10_00-03-57_label_A.mp4,Normal,50.67%,Explosion,5.75%,Car Accident,4.96%
Salt.2010__#00-13-45_00-16-10_label_A.mp4,Normal,22.34%,Fighting,1.74%,Car Accident,0.41%
Salt.2010__#00-17-40_00-18-16_label_B1-0-0.mp4,Fighting,88.97%,Shooting,15.99%,Car Accident,7.56%
Salt.2010__#01-06-27_01-07-07_label_G-B2-0.mp4,Explosion,82.82%,Shooting,22.30%,Fighting,7.08%
Salt.2010__#01-12-05_01-12-32_label_B2-G-0.mp4,Explosion,77.95%,Fighting,45.55%,Shooting,22.03%
Salt.2010__#01-16-00_01-16-50_label_A.mp4,Explosion,4.75%,Fighting,1.98%,Car Accident,1.52%
Saving.Private.Ryan.1998__#00-47-50_00-49-35_label_B2-0-0.mp4,Shooting,33.02%,Explosion,8.20%,Fighting,1.70%
Saving.Private.Ryan.1998__#02-00-56_02-03-06_label_A.mp4,Explosion,12.77%,Riot,8.41%,Fighting,4.73%
Saving.Private.Ryan.1998__#02-16-58_02-17-13_label_G-0-0.mp4,Explosion,100.00%,Car Accident,0.61%,Fighting,0.54%
Saving.Private.Ryan.1998__#02-20-00_02-20-13_label_G-0-0.mp4,Explosion,99.19%,Car Accident,60.62%,Fighting,17.37%
Saving.Private.Ryan.1998__#02-23-00_02-23-28_label_B1-0-0.mp4,Fighting,80.38%,Explosion,69.30%,Car Accident,35.12%
Saving.Private.Ryan.1998__#02-23-58_02-24-18_label_G-0-0.mp4,Explosion,98.66%,Fighting,11.91%,Car Accident,1.84%
Saving.Private.Ryan.1998__#02-24-18_02-25-42_label_B1-0-0.mp4,Fighting,25.39%,Car Accident,21.44%,Explosion,3.50%
Saving.Private.Ryan.1998__#02-25-42_02-26-03_label_B2-0-0.mp4,Shooting,82.68%,Explosion,6.01%,Car Accident,2.18%
Shoot.Em.Up.2007__#00-25-50_00-27-10_label_A.mp4,Normal,44.65%,Fighting,2.34%,Explosion,2.27%
Shoot.Em.Up.2007__#00-32-40_00-35-10_label_B2-0-0.mp4,Shooting,84.33%,Explosion,63.16%,Fighting,25.47%
Shoot.Em.Up.2007__#00-53-25_00-56-47_label_B2-0-0.mp4,Explosion,44.81%,Shooting,29.16%,Fighting,2.66%
Shoot.Em.Up.2007__#00-56-56_00-57-15_label_B2-0-0.mp4,Shooting,100.00%,Explosion,61.55%,Fighting,0.89%
Shoplifters.2018__#00-17-30_00-19-10_label_A.mp4,Normal,57.27%,Car Accident,2.05%,Fighting,0.44%
Sin.City.2005__#0-06-42_0-07-06_label_B1-0-0.mp4,Explosion,2.44%,Fighting,2.04%,Normal,1.87%
Sin.City.2005__#0-10-40_0-11-40_label_B2-0-0.mp4,Shooting,17.55%,Car Accident,14.22%,Explosion,12.97%
Sin.City.2005__#0-22-04_0-22-18_label_B5-0-0.mp4,Car Accident,74.79%,Explosion,53.49%,Fighting,51.10%
Sin.City.2005__#0-29-34_0-29-56_label_B2-0-0.mp4,Shooting,31.61%,Explosion,11.28%,Fighting,8.93%
Sin.City.2005__#0-32-00_0-32-16_label_B2-0-0.mp4,Shooting,32.05%,Fighting,27.17%,Explosion,18.67%
Sin.City.2005__#0-43-45_0-44-01_label_B2-0-0.mp4,Explosion,97.31%,Shooting,43.71%,Car Accident,26.41%
Sin.City.2005__#01-19-08_01-19-23_label_G-0-0.mp4,Explosion,98.04%,Fighting,0.99%,Car Accident,0.33%
Sin.City.2005__#01-43-21_01-44-21_label_A.mp4,Normal,21.65%,Car Accident,0.40%,Explosion,0.20%
Sin.City.2005__#01-51-59_01-52-29_label_B2-0-0.mp4,Fighting,18.63%,Shooting,6.85%,Explosion,3.16%
Skyfall.2012__#00-03-22_00-03-40_label_B6-0-0.mp4,Fighting,57.62%,Explosion,56.89%,Car Accident,55.44%
Skyfall.2012__#00-06-10_00-06-25_label_B6-0-0.mp4,Shooting,68.84%,Fighting,55.72%,Car Accident,51.04%
Skyfall.2012__#01-20-05_01-20-20_label_B1-B2-0.mp4,Shooting,98.01%,Explosion,62.63%,Fighting,0.77%
Skyfall.2012__#01-55-44_01-56-57_label_B2-G-0.mp4,Shooting,99.89%,Explosion,13.58%,Fighting,7.55%
Skyfall.2012__#01-57-40_01-58-00_label_B2-0-0.mp4,Shooting,47.48%,Explosion,8.89%,Fighting,7.16%
Skyfall.2012__#02-08-44_02-09-17_label_B1-0-0.mp4,Fighting,19.93%,Explosion,14.78%,Shooting,8.58%
Skyfall.2012__#02-14-50_02-16-25_label_A.mp4,Normal,64.19%,Fighting,2.90%,Riot,0.39%
Spectre.2015__#00-16-41_00-18-55_label_A.mp4,Normal,13.87%,Fighting,10.62%,Car Accident,4.14%
Spectre.2015__#00-44-05_00-44-40_label_B1-B2-0.mp4,Explosion,40.42%,Shooting,39.01%,Fighting,31.24%
Spectre.2015__#01-08-58_01-09-20_label_B1-B2-0.mp4,Fighting,20.12%,Shooting,10.90%,Explosion,2.60%
Spectre.2015__#01-10-35_01-10-53_label_B2-0-0.mp4,Explosion,99.42%,Shooting,96.87%,Car Accident,5.72%
Spectre.2015__#01-17-22_01-18-53_label_A.mp4,Normal,86.13%,Shooting,0.14%,Car Accident,0.13%
Spectre.2015__#01-32-55_01-35-40_label_B1-B2-0.mp4,Fighting,93.19%,Shooting,34.55%,Car Accident,33.68%
Spectre.2015__#02-02-57_02-03-27_label_B1-B2-0.mp4,Fighting,65.33%,Shooting,49.88%,Car Accident,23.81%
Spectre.2015__#02-15-30_02-16-05_label_G-0-0.mp4,Shooting,98.45%,Explosion,87.91%,Fighting,59.52%
Still.Walking.2008__#00-16-18_00-17-27_label_A.mp4,Normal,5.16%,Explosion,1.07%,Fighting,0.93%
Still.Walking.2008__#00-51-55_00-55-16_label_A.mp4,Normal,52.00%,Car Accident,1.12%,Explosion,0.95%
Still.Walking.2008__#01-02-18_01-03-10_label_A.mp4,Car Accident,10.11%,Fighting,0.54%,Normal,0.52%
Taken.2.UNRATED.EXTENDED.2012__#00-13-42_00-14-16_label_B5-0-0.mp4,Car Accident,6.39%,Fighting,2.80%,Abuse,0.06%
Taken.2.UNRATED.EXTENDED.2012__#00-17-08_00-17-30_label_A.mp4,Fighting,15.78%,Car Accident,8.16%,Explosion,5.21%
Taken.2.UNRATED.EXTENDED.2012__#00-45-50_00-46-20_label_G-0-0.mp4,Explosion,18.69%,Fighting,4.16%,Car Accident,2.33%
Taken.2.UNRATED.EXTENDED.2012__#01-00-00_01-00-16_label_B2-0-0.mp4,Explosion,15.28%,Shooting,13.77%,Fighting,5.88%
Taken.2.UNRATED.EXTENDED.2012__#01-06-28_01-06-49_label_B2-0-0.mp4,Explosion,83.16%,Shooting,31.27%,Fighting,21.04%
Taken.2.UNRATED.EXTENDED.2012__#01-18-25_01-18-40_label_B2-0-0.mp4,Shooting,100.00%,Explosion,1.36%,Car Accident,0.11%
Taken.2.UNRATED.EXTENDED.2012__#01-18-40_01-19-00_label_B1-0-0.mp4,Car Accident,28.43%,Fighting,17.68%,Shooting,4.26%
Taken.3.2014__#00-03-58_00-04-16_label_B2-0-0.mp4,Fighting,4.94%,Explosion,2.27%,Car Accident,0.09%
Taken.3.2014__#00-36-03_00-36-48_label_A.mp4,Normal,55.25%,Explosion,0.36%,Car Accident,0.16%
Taken.3.2014__#01-04-50_01-05-05_label_B1-0-0.mp4,Fighting,51.27%,Explosion,31.49%,Car Accident,6.49%
Taken.3.2014__#01-09-26_01-09-54_label_G-0-0.mp4,Explosion,99.20%,Fighting,5.92%,Car Accident,5.15%
Taken.3.2014__#01-12-48_01-14-30_label_B2-B1-0.mp4,Shooting,4.79%,Fighting,4.66%,Explosion,1.52%
Taken.3.2014__#01-19-13_01-19-30_label_B1-0-0.mp4,Fighting,36.87%,Car Accident,14.27%,Shooting,13.06%
Taken.3.2014__#01-20-10_01-21-30_label_A.mp4,Normal,84.52%,Car Accident,2.76%,Explosion,1.72%
Taken.Extended.Cut.2008__#00-33-51_00-34-03_label_B1-0-0.mp4,Fighting,96.18%,Car Accident,81.64%,Shooting,3.15%
Taken.Extended.Cut.2008__#00-50-45_00-51-04_label_B2-B6-0.mp4,Fighting,85.33%,Explosion,67.27%,Shooting,53.71%
The.Attorney.2013__#00-47-00_00-49-30_label_A.mp4,Normal,5.65%,Fighting,2.74%,Car Accident,2.10%
The.Bourne.Identity.2002__#0-19-53_0-21-48_label_B1-0-0.mp4,Fighting,43.35%,Explosion,5.17%,Car Accident,3.91%
The.Bourne.Identity.2002__#0-29-16_0-32-00_label_A.mp4,Normal,98.47%,Fighting,5.12%,Car Accident,4.16%
The.Bourne.Identity.2002__#0-54-45_0-56-25_label_B6-0-0.mp4,Car Accident,81.12%,Fighting,64.58%,Shooting,33.87%
The.Bourne.Identity.2002__#0-57-11_0-58-45_label_A.mp4,Normal,18.43%,Car Accident,4.50%,Fighting,3.77%
The.Bourne.Identity.2002__#01-09-16_01-11-16_label_A.mp4,Fighting,37.75%,Normal,31.74%,Explosion,21.69%
The.Bourne.Identity.2002__#01-27-39_01-29-19_label_B2-0-0.mp4,Explosion,33.96%,Fighting,15.61%,Abuse,1.52%
The.Bourne.Identity.2002__#01-45-00_01-45-46_label_B1-0-0.mp4,Fighting,25.46%,Normal,11.96%,Car Accident,4.18%
The.Bourne.Legacy.2012__#0-39-56_0-40-15_label_G-0-0.mp4,Explosion,4.24%,Car Accident,1.30%,Fighting,1.21%
The.Bourne.Legacy.2012__#0-59-18_01-01-52_label_B2-B1-0.mp4,Shooting,79.62%,Fighting,16.26%,Explosion,11.71%
The.Bourne.Supremacy.2004__#0-58-18_01-00-58_label_A.mp4,Normal,57.17%,Fighting,4.52%,Explosion,3.41%
The.Bourne.Supremacy.2004__#01-34-52_01-35-50_label_A.mp4,Normal,93.43%,Explosion,3.02%,Fighting,1.68%
The.Bourne.Ultimatum.2007__#0-55-55_0-56-10_label_A.mp4,Explosion,84.18%,Fighting,16.48%,Shooting,13.34%
The.Bourne.Ultimatum.2007__#01-26-27_01-28-03_label_B2-B6-0.mp4,Car Accident,67.26%,Fighting,50.83%,Explosion,47.34%
The.Bourne.Ultimatum.2007__#01-32-57_01-33-53_label_A.mp4,Normal,83.09%,Fighting,29.30%,Explosion,14.09%
The.Bourne.Ultimatum.2007__#01-44-02_01-44-11_label_B2-0-0.mp4,Explosion,97.85%,Shooting,13.94%,Car Accident,3.01%
The.Fast.and.the.Furious.2001__#00-26-09_00-26-52_label_A.mp4,Normal,81.89%,Explosion,69.05%,Fighting,2.78%
The.Fast.and.the.Furious.2001__#00-29-00_00-29-52_label_B2-G-0.mp4,Explosion,72.51%,Shooting,39.67%,Car Accident,14.43%
The.Fast.and.the.Furious.2001__#00-52-18_00-53-36_label_B1-0-0.mp4,Fighting,36.13%,Car Accident,8.34%,Explosion,3.20%
The.Fast.and.the.Furious.2001__#01-14-04_01-15-20_label_B1-0-0.mp4,Riot,99.60%,Fighting,18.71%,Explosion,5.91%
The.Fast.and.the.Furious.2001__#01-24-18_01-25-05_label_B6-0-0.mp4,Explosion,64.42%,Fighting,51.24%,Car Accident,50.13%
The.Fast.and.the.Furious.2001__#01-37-40_01-38-30_label_B6-0-0.mp4,Explosion,54.25%,Fighting,21.58%,Car Accident,13.16%
The.Fast.and.the.Furious.2001__#01-38-50_01-39-59_label_A.mp4,Normal,62.69%,Shooting,14.39%,Explosion,13.97%
The.Hurt.Locker.2008__#0-08-45_0-09-57_label_G-0-0.mp4,Explosion,88.40%,Car Accident,21.93%,Fighting,6.15%
The.Hurt.Locker.2008__#0-19-22_0-22-32_label_B2-B1-0.mp4,Explosion,23.45%,Fighting,9.28%,Car Accident,4.14%
The.Hurt.Locker.2008__#0-29-25_0-30-15_label_A.mp4,Normal,84.90%,Explosion,3.99%,Car Accident,3.94%
The.Hurt.Locker.2008__#0-45-39_0-47-06_label_A.mp4,Explosion,14.22%,Fighting,10.26%,Normal,8.12%
The.Hurt.Locker.2008__#01-02-10_01-03-55_label_B2-0-0.mp4,Fighting,4.13%,Normal,0.71%,Explosion,0.60%
The.Hurt.Locker.2008__#01-27-42_01-28-09_label_G-0-0.mp4,Explosion,64.50%,Fighting,26.27%,Car Accident,15.13%
The.Intouchables.2011__#00-04-20_00-05-35_label_A.mp4,Explosion,27.43%,Fighting,19.61%,Car Accident,18.00%
The.Intouchables.2011__#00-51-55_00-55-16_label_A.mp4,Fighting,6.29%,Normal,1.78%,Car Accident,0.99%
The.Intouchables.2011__#00-58-18_01-02-30_label_A.mp4,Normal,19.70%,Fighting,7.67%,Explosion,5.27%
The.Notebook.2004__#00-08-55_00-10-50_label_A.mp4,Normal,62.66%,Explosion,6.95%,Fighting,5.97%
The.Notebook.2004__#00-11-00_00-15-08_label_A.mp4,Normal,86.70%,Fighting,1.27%,Car Accident,1.22%
The.Notebook.2004__#00-20-35_00-23-06_label_A.mp4,Normal,89.28%,Car Accident,3.71%,Abuse,0.93%
The.Notebook.2004__#00-25-20_00-29-20_label_A.mp4,Normal,54.59%,Fighting,7.48%,Explosion,5.50%
The.Notebook.2004__#01-30-25_01-33-56_label_A.mp4,Normal,61.12%,Fighting,1.12%,Car Accident,0.38%
The.Notebook.2004__#01-52-20_01-58-00_label_A.mp4,Normal,35.74%,Fighting,1.05%,Explosion,0.18%
The.Pursuit.of.Happyness.2006__#00-17-30_00-19-10_label_A.mp4,Fighting,24.09%,Normal,7.23%,Explosion,5.95%
The.Pursuit.of.Happyness.2006__#00-30-50_00-32-31_label_A.mp4,Normal,59.44%,Car Accident,1.88%,Explosion,1.22%
The.Pursuit.of.Happyness.2006__#01-34-18_01-38-11_label_A.mp4,Normal,40.42%,Fighting,7.15%,Car Accident,5.47%
The.Secret.Life.of.Walter.Mitty.2013__#00-08-55_00-10-50_label_A.mp4,Normal,20.08%,Car Accident,2.61%,Explosion,2.50%
The.Secret.Life.of.Walter.Mitty.2013__#00-36-52_00-41-00_label_A.mp4,Normal,41.87%,Fighting,3.89%,Explosion,3.66%
The.Secret.Life.of.Walter.Mitty.2013__#01-01-20_01-04-00_label_A.mp4,Normal,63.41%,Fighting,5.45%,Explosion,3.91%
The.Secret.Life.of.Walter.Mitty.2013__#01-23-00_01-29-08_label_A.mp4,Normal,75.80%,Car Accident,3.12%,Fighting,2.09%
The.World.Is.Not.Enough.1999__#00-07-04_00-07-45_label_G-B2-0.mp4,Explosion,98.29%,Shooting,21.20%,Fighting,10.64%
The.World.Is.Not.Enough.1999__#00-10-22_00-10-40_label_G-0-0.mp4,Shooting,92.87%,Explosion,73.27%,Car Accident,34.99%
Thelma...Louise.1991__#01-53-54_01-54-50_label_A.mp4,Fighting,40.70%,Explosion,12.97%,Normal,11.21%
Tropa.de.Elite.2.2010__#00-05-30_00-06-30_label_A.mp4,Fighting,17.17%,Car Accident,2.73%,Explosion,1.71%
Tropa.de.Elite.2.2010__#00-13-41_00-14-56_label_B4-0-0.mp4,Fighting,73.84%,Explosion,9.79%,Car Accident,1.82%
Tropa.de.Elite.2.2010__#00-42-00_00-43-00_label_B2-0-0.mp4,Explosion,11.30%,Fighting,7.54%,Car Accident,4.49%
Tropa.de.Elite.2.2010__#00-46-11_00-46-50_label_B2-0-0.mp4,Fighting,20.79%,Explosion,12.83%,Shooting,6.57%
Tropa.de.Elite.2.2010__#01-30-51_01-32-30_label_A.mp4,Fighting,18.53%,Explosion,11.02%,Car Accident,10.86%
Tropa.de.Elite.2.2010__#01-33-01_01-33-30_label_B2-0-0.mp4,Explosion,67.88%,Fighting,53.05%,Car Accident,30.52%
Tropa.de.Elite.2.2010__#01-33-31_01-34-20_label_A.mp4,Normal,17.54%,Fighting,4.89%,Shooting,4.69%
Tropa.de.Elite.2007__#00-10-30_00-12-08_label_A.mp4,Normal,62.21%,Fighting,12.69%,Explosion,2.77%
Tropa.de.Elite.2007__#00-52-33_00-54-35_label_A.mp4,Normal,12.67%,Fighting,9.61%,Explosion,5.14%
v=-5RWxUUJ7lQ__#1_label_A.mp4,Explosion,21.34%,Fighting,11.66%,Car Accident,8.97%
v=-etV57xZ4_I__#1_label_B4-0-0.mp4,Riot,100.00%,Car Accident,0.12%,Abuse,0.08%
v=-fOWSLV6Esw__#1_label_B4-0-0.mp4,Riot,98.29%,Fighting,1.90%,Car Accident,1.43%
v=-kwNh1lMU-w__#1_label_B4-0-0.mp4,Riot,64.72%,Fighting,55.22%,Explosion,55.03%
v=-tqHsoEoUyY__#1_label_A.mp4,Shooting,56.99%,Car Accident,56.70%,Normal,48.00%
v=0LEefpIPBHA__#1_label_A.mp4,Normal,73.31%,Fighting,15.58%,Car Accident,4.41%
v=0N0PbzjEg0U__#1_label_B4-0-0.mp4,Riot,42.57%,Fighting,36.93%,Normal,6.90%
v=0qtIjyt-7wg__#00-00-00_00-00-51_label_B6-0-0.mp4,Fighting,38.36%,Explosion,33.41%,Car Accident,18.46%
v=0qtIjyt-7wg__#00-01-00_00-02-45_label_B6-0-0.mp4,Normal,66.37%,Car Accident,15.74%,Explosion,10.99%
v=0qtIjyt-7wg__#00-04-00_00-05-15_label_B6-0-0.mp4,Car Accident,25.60%,Fighting,16.90%,Normal,12.55%
v=0vVOXlgHC1U__#00-12-00_00-18-00_label_A.mp4,Explosion,7.98%,Normal,5.41%,Fighting,1.46%
v=0vVOXlgHC1U__#00-48-00_00-54-00_label_A.mp4,Normal,89.69%,Explosion,3.62%,Fighting,1.50%
v=0W8LohxH9nI__#1_label_B1-0-0.mp4,Riot,94.95%,Fighting,69.07%,Car Accident,4.29%
v=0yHBkMBE8r4__#1_label_B1-0-0.mp4,Fighting,88.61%,Explosion,22.28%,Riot,14.42%
v=1202rYvw7go__#1_label_A.mp4,Normal,63.97%,Riot,1.41%,Fighting,1.19%
v=15wDrZJQpsw__#00-00-00_00-00-51_label_B6-0-0.mp4,Car Accident,32.63%,Explosion,14.20%,Fighting,8.02%
v=15wDrZJQpsw__#00-05-20_00-06-20_label_B6-0-0.mp4,Car Accident,39.75%,Explosion,10.03%,Fighting,3.72%
v=15wDrZJQpsw__#00-09-00_00-10-55_label_B6-0-0.mp4,Car Accident,92.26%,Explosion,3.79%,Fighting,1.31%
v=1djrJ0wxlYo__#1_label_B4-0-0.mp4,Riot,75.39%,Fighting,18.95%,Car Accident,2.31%
v=1EvRIhdsX1s__#1_label_A.mp4,Normal,57.34%,Car Accident,20.97%,Explosion,3.62%
v=1GFBuaGCeTo__#1_label_G-0-0.mp4,Normal,18.11%,Fighting,16.18%,Explosion,10.09%
v=1io9Uh54Vhg__#1_label_B4-0-0.mp4,Fighting,33.98%,Riot,12.97%,Explosion,2.08%
v=1q5V6DKH3bw__#1_label_B4-0-0.mp4,Fighting,8.78%,Explosion,6.40%,Normal,3.53%
v=251___mEwZA__#1_label_B1-0-0.mp4,Fighting,14.81%,Explosion,12.91%,Car Accident,12.13%
v=2al4t5inObA__#1_label_B4-0-0.mp4,Riot,99.75%,Explosion,58.71%,Fighting,12.15%
v=2JJ9d97sd64__#1_label_A.mp4,Fighting,68.78%,Car Accident,35.96%,Shooting,35.44%
v=2jwO15SMyuo__#1_label_B4-0-0.mp4,Explosion,36.03%,Fighting,20.69%,Car Accident,16.70%
v=2Rr21qkZEDQ__#00-03-00_00-04-09_label_B6-0-0.mp4,Normal,93.12%,Fighting,2.51%,Car Accident,2.01%
v=2Rr21qkZEDQ__#00-14-10_00-16-09_label_B6-0-0.mp4,Car Accident,19.01%,Normal,17.97%,Explosion,13.44%
v=2WkuPNLfl5s__#1_label_B4-0-0.mp4,Fighting,15.87%,Explosion,15.25%,Car Accident,14.02%
v=35zynOrkvMk__#1_label_G-0-0.mp4,Explosion,12.36%,Fighting,1.60%,Car Accident,0.23%
v=38GQ9L2meyE__#1_label_B6-0-0.mp4,Shooting,9.01%,Fighting,8.97%,Explosion,3.27%
v=3e3C-LQWF2s__#1_label_B1-0-0.mp4,Fighting,55.04%,Riot,39.43%,Explosion,11.06%
v=3lSHv_DUbJs__#1_label_A.mp4,Normal,0.64%,Fighting,0.12%,Car Accident,0.12%
v=3MUqt3OkxIo__#1_label_A.mp4,Explosion,4.69%,Normal,0.17%,Fighting,0.15%
v=3WmMhircZOc__#1_label_B4-0-0.mp4,Explosion,13.14%,Fighting,7.12%,Normal,5.96%
v=3wxWNAM8Cso__#1_label_G-0-0.mp4,Explosion,41.79%,Fighting,17.50%,Car Accident,12.54%
v=3xkwZk44VQs__#1_label_B4-0-0.mp4,Riot,30.97%,Fighting,26.72%,Explosion,22.10%
v=3xWiBCIxjIk__#1_label_B4-0-0.mp4,Riot,98.67%,Fighting,7.39%,Explosion,0.50%
v=3y2OOc6WTrg__#1_label_B1-0-0.mp4,Fighting,50.69%,Explosion,42.41%,Car Accident,34.45%
v=3zgaqeVSXuI__#1_label_B4-0-0.mp4,Explosion,27.99%,Fighting,11.07%,Normal,9.01%
v=3ZVcLOjwOMk__#1_label_A.mp4,Normal,100.00%,Explosion,0.89%,Abuse,0.61%
v=4jVgDKbu_TI__#1_label_A.mp4,Car Accident,40.75%,Fighting,7.08%,Explosion,7.07%
v=5AlAh8J3WqE__#1_label_A.mp4,Normal,42.74%,Explosion,3.09%,Fighting,3.04%
v=5BBoVfKOyeM__#00-08-19_00-10-10_label_B6-0-0.mp4,Normal,67.37%,Fighting,17.31%,Explosion,6.61%
v=5Ftl4nOSytc__#1_label_G-0-0.mp4,Explosion,98.65%,Fighting,78.29%,Abuse,69.71%
v=5l-nbDl0qvg__#1_label_A.mp4,Car Accident,5.94%,Explosion,1.09%,Shooting,0.81%
v=5NZxPmTpV6Y__#1_label_A.mp4,Normal,98.14%,Explosion,8.74%,Car Accident,6.12%
v=5Tnl7_8RqlA__#00-11-00_00-12-45_label_B6-0-0.mp4,Fighting,20.13%,Explosion,10.76%,Shooting,6.57%
v=6cvZOGzfqWU__#1_label_A.mp4,Normal,30.35%,Explosion,9.57%,Car Accident,5.40%
v=6KQFxxHmVMc__#1_label_B1-0-0.mp4,Fighting,18.14%,Car Accident,6.59%,Explosion,2.87%
v=6nfo9c7a5pE__#1_label_B1-0-0.mp4,Fighting,98.66%,Car Accident,11.94%,Explosion,6.76%
v=6TR2rcgHm4g__#1_label_B4-0-0.mp4,Explosion,6.73%,Fighting,4.51%,Normal,2.61%
v=73uRcX0Dvfc__#00-00-00_00-01-51_label_B6-G-0.mp4,Car Accident,29.52%,Explosion,10.50%,Fighting,4.74%
v=78u9uBJBqIw__#1_label_B4-B5-0.mp4,Normal,31.75%,Fighting,1.71%,Riot,1.56%
v=7isLhaNYgkU__#1_label_B4-0-0.mp4,Riot,98.59%,Fighting,14.82%,Car Accident,5.61%
v=7QOdBpDrmKk__#00-01-00_00-02-45_label_B6-0-0.mp4,Car Accident,23.82%,Explosion,12.35%,Fighting,11.79%
v=7QOdBpDrmKk__#00-10-30_00-10-51_label_B6-0-0.mp4,Car Accident,19.62%,Explosion,14.59%,Fighting,13.17%
v=7rDRFFSUrPI__#00-01-50_00-02-32_label_G-0-0.mp4,Explosion,52.81%,Fighting,13.08%,Normal,5.07%
v=7smETZfN0XA__#1_label_A.mp4,Normal,26.50%,Fighting,6.70%,Explosion,1.84%
v=7xQr5wYwNPg__#1_label_B4-0-0.mp4,Fighting,48.65%,Riot,17.68%,Shooting,14.49%
v=7zEFHKKBA0g__#1_label_B4-0-0.mp4,Normal,5.32%,Riot,4.68%,Fighting,4.66%
v=8ewWXhYRUNs__#1_label_B1-0-0.mp4,Fighting,78.65%,Explosion,3.78%,Shooting,0.27%
v=8oJMGgaww70__#1_label_B4-0-0.mp4,Riot,97.22%,Fighting,51.29%,Car Accident,46.95%
v=8oTjTufJnXI__#1_label_G-0-0.mp4,Normal,82.74%,Explosion,34.39%,Car Accident,9.77%
v=8SC55pYljMM__#1_label_A.mp4,Fighting,3.95%,Explosion,1.34%,Car Accident,0.86%
v=8tqeeBGjnPg__#00-03-12_00-04-15_label_B6-0-0.mp4,Car Accident,46.88%,Explosion,10.09%,Fighting,5.59%
v=94zZ9iptP54__#1_label_A.mp4,Explosion,15.23%,Fighting,12.13%,Normal,3.57%
v=96N4XAJ7FKM__#1_label_B1-0-0.mp4,Fighting,40.13%,Explosion,33.69%,Car Accident,25.90%
v=9CWJd1SezkA__#1_label_G-0-0.mp4,Car Accident,98.66%,Explosion,0.68%,Fighting,0.46%
v=9eME1y6V-T4__#00-42-00_00-48-00_label_A.mp4,Normal,77.63%,Explosion,3.09%,Fighting,1.21%
v=9eME1y6V-T4__#01-00-00_01-06-00_label_A.mp4,Explosion,1.53%,Normal,0.99%,Fighting,0.81%
v=9eME1y6V-T4__#01-06-00_01-12-00_label_A.mp4,Normal,13.97%,Explosion,1.34%,Car Accident,0.07%
v=9eME1y6V-T4__#01-18-00_01-24-00_label_A.mp4,Normal,36.34%,Explosion,8.11%,Car Accident,0.86%
v=9eME1y6V-T4__#01-36-00_01-42-00_label_A.mp4,Normal,16.10%,Fighting,15.46%,Explosion,9.37%
v=9eME1y6V-T4__#02-00-00_02-06-00_label_A.mp4,Fighting,6.57%,Car Accident,0.92%,Explosion,0.44%
v=9FxmNOXF25Q__#1_label_A.mp4,Fighting,51.18%,Explosion,30.24%,Car Accident,17.19%
v=9Jk2sIp5MRQ__#1_label_G-0-0.mp4,Fighting,47.55%,Car Accident,31.08%,Shooting,13.62%
v=9qxJ6bznkNI__#1_label_A.mp4,Normal,6.37%,Fighting,4.02%,Explosion,1.54%
v=9Ydg5IeZpFI__#1_label_B1-0-0.mp4,Fighting,52.87%,Explosion,46.94%,Riot,6.67%
v=a0TQkX_zLt0__#1_label_A.mp4,Normal,45.54%,Explosion,4.11%,Car Accident,2.51%
v=abATVcjFumY__#1_label_G-0-0.mp4,Fighting,98.28%,Explosion,79.37%,Shooting,2.20%
v=aBsrZKrRtqU__#1_label_A.mp4,Car Accident,76.60%,Abuse,14.96%,Fighting,12.05%
v=ADQNFs9bfFk__#00-00-00_00-00-58_label_B4-0-0.mp4,Riot,16.77%,Fighting,13.75%,Normal,11.72%
v=AF9p0YA0hyA__#00-00-45_00-01-44_label_B4-0-0.mp4,Shooting,99.94%,Explosion,80.98%,Car Accident,1.35%
v=AF9p0YA0hyA__#00-03-03_00-04-20_label_B4-0-0.mp4,Fighting,99.23%,Car Accident,60.61%,Shooting,59.72%
v=afhttnv46Y4__#1_label_B1-0-0.mp4,Fighting,42.99%,Car Accident,7.25%,Explosion,2.51%
v=ajnl7P9bf78__#1_label_A.mp4,Normal,21.85%,Fighting,13.43%,Car Accident,12.71%
v=aQ3qMpgZjwg__#00-00-00_00-01-48_label_B4-0-0.mp4,Riot,43.59%,Fighting,7.25%,Normal,5.22%
v=AqFWYZsOgWY__#00-21-00_00-24-00_label_A.mp4,Riot,37.04%,Explosion,26.23%,Fighting,24.54%
v=AqFWYZsOgWY__#00-33-00_00-36-00_label_A.mp4,Fighting,98.89%,Abuse,19.80%,Shooting,15.16%
v=aWPWHU8x6kE__#1_label_B4-0-0.mp4,Normal,74.37%,Fighting,0.71%,Explosion,0.24%
v=b0MUjeKAGZw__#1_label_B4-0-0.mp4,Riot,97.94%,Fighting,19.20%,Explosion,2.92%
v=bDm2-1NZBLw__#1_label_B4-0-0.mp4,Explosion,25.09%,Normal,24.04%,Fighting,22.56%
v=bfOlheR5nUQ__#00-00-00_00-04-33_label_B4-0-0.mp4,Fighting,86.92%,Riot,12.97%,Explosion,7.16%
v=bfOlheR5nUQ__#00-04-33_00-06-02_label_B4-0-0.mp4,Riot,96.43%,Fighting,31.68%,Explosion,0.58%
v=BFPkt0AuSFA__#1_label_B4-0-0.mp4,Riot,47.56%,Fighting,20.68%,Shooting,8.83%
v=bhZs3ALdL7Y__#1_label_G-0-0.mp4,Explosion,100.00%,Car Accident,0.00%,Fighting,0.00%
v=BL8ppFg7NKI__#1_label_A.mp4,Fighting,18.04%,Explosion,12.28%,Normal,5.64%
v=BpargJW29Wo__#00-00-50_00-01-30_label_B1-0-0.mp4,Fighting,99.94%,Riot,2.91%,Car Accident,0.24%
v=BQjKQbYgUBA__#1_label_B1-0-0.mp4,Normal,27.94%,Explosion,20.74%,Fighting,16.09%
v=bU86SW6L7Tc__#1_label_A.mp4,Fighting,34.74%,Car Accident,4.93%,Explosion,0.75%
v=BXR3d22BhHs__#00-06-00_00-07-00_label_B4-0-0.mp4,Riot,99.99%,Explosion,72.87%,Abuse,38.97%
v=BXR3d22BhHs__#00-07-00_00-08-00_label_B4-0-0.mp4,Explosion,55.76%,Riot,18.65%,Fighting,18.46%
v=BzwNU2xmT64__#00-01-00_00-02-45_label_B6-0-0.mp4,Explosion,16.97%,Car Accident,16.89%,Normal,13.34%
v=BzwNU2xmT64__#00-04-10_00-06-09_label_B6-0-0.mp4,Car Accident,15.45%,Explosion,14.44%,Normal,11.67%
v=CcD-YNlkMPY__#1_label_G-0-0.mp4,Normal,84.29%,Car Accident,6.35%,Fighting,5.58%
v=CczYDDDf22A__#1_label_G-0-0.mp4,Explosion,68.91%,Shooting,41.57%,Fighting,31.79%
v=cEOM18n8fhU__#1_label_G-0-0.mp4,Normal,99.95%,Fighting,8.74%,Explosion,1.81%
v=CFfc4UWzVB8__#00-00-00_00-00-30_label_B4-0-0.mp4,Fighting,28.29%,Explosion,27.96%,Normal,9.11%
v=CLFYvG6MsZU__#00-02-16_00-05-06_label_B2-0-0.mp4,Shooting,99.90%,Explosion,55.04%,Car Accident,0.17%
v=cO1UefhG7AY__#1_label_G-0-0.mp4,Fighting,19.21%,Car Accident,18.82%,Explosion,17.49%
v=CoxsDkB-rWU__#00-07-06_00-10-30_label_B4-0-0.mp4,Riot,83.64%,Fighting,11.46%,Car Accident,7.74%
v=CUr-Mg8Hmh0__#1_label_G-0-0.mp4,Car Accident,45.09%,Explosion,6.50%,Fighting,2.73%
v=cuUK-3MNqtw__#1_label_B1-0-0.mp4,Fighting,30.56%,Riot,20.37%,Car Accident,18.14%
v=cvEJ5WFk2KE__#00-06-00_00-09-00_label_A.mp4,Car Accident,1.19%,Fighting,0.28%,Explosion,0.16%
v=CvMpD1yqfxI__#1_label_G-0-0.mp4,Car Accident,19.29%,Explosion,17.51%,Fighting,5.53%
v=D1eP4Bn4hDQ__#00-09-20_00-10-45_label_B6-0-0.mp4,Car Accident,85.39%,Explosion,5.75%,Fighting,1.38%
v=d5lTTPvJLpw__#1_label_B4-0-0.mp4,Normal,20.77%,Fighting,10.63%,Explosion,8.93%
v=DD3jfKr8e-k__#00-00-00_00-01-40_label_B4-0-0.mp4,Fighting,76.23%,Explosion,65.77%,Shooting,31.91%
v=DdIA1Owbcdc__#1_label_A.mp4,Normal,99.84%,Car Accident,0.78%,Explosion,0.69%
v=Dh-3BlhAOnE__#00-00-00_00-13-36_label_B4-0-0.mp4,Normal,21.05%,Fighting,14.69%,Riot,5.60%
v=Dn_SDu22WpM__#00-08-35_00-10-05_label_B6-0-0.mp4,Fighting,26.01%,Explosion,19.46%,Car Accident,15.31%
v=DRGMajXo_PI__#00-02-15_00-03-02_label_G-0-0.mp4,Explosion,3.35%,Fighting,1.84%,Normal,0.33%
v=DtxU8UYiFws__#1_label_G-0-0.mp4,Explosion,30.43%,Fighting,17.08%,Car Accident,11.66%
v=DVdXoVUNkhg__#1_label_G-0-0.mp4,Explosion,45.10%,Fighting,7.65%,Car Accident,2.75%
v=eAgqJnO3kr8__#00-06-00_00-12-00_label_A.mp4,Normal,100.00%,Fighting,0.31%,Explosion,0.16%
v=eAgqJnO3kr8__#00-42-00_00-48-00_label_A.mp4,Normal,99.08%,Fighting,0.57%,Explosion,0.10%
v=eAgqJnO3kr8__#00-48-00_00-54-00_label_A.mp4,Normal,87.45%,Explosion,0.43%,Fighting,0.24%
v=EeUTpfyb0qo__#1_label_A.mp4,Explosion,94.51%,Fighting,62.95%,Car Accident,22.87%
v=Ehh8ZdIMMj4__#1_label_A.mp4,Explosion,41.88%,Car Accident,12.90%,Normal,9.09%
v=EH_QB6cm6BE__#1_label_G-0-0.mp4,Riot,69.78%,Car Accident,32.12%,Normal,23.49%
v=enYITYwvPAQ__#00-27-00_00-30-00_label_A.mp4,Car Accident,23.71%,Fighting,3.16%,Explosion,2.70%
v=EOAfl8yMiN8__#00-00-00_00-00-51_label_B6-0-0.mp4,Normal,99.28%,Explosion,4.93%,Car Accident,2.05%
v=EOAfl8yMiN8__#00-03-00_00-04-09_label_B6-0-0.mp4,Fighting,31.92%,Explosion,29.89%,Car Accident,27.56%
v=eqtJjxsTgtg__#1_label_G-0-0.mp4,Explosion,57.07%,Fighting,1.80%,Car Accident,0.22%
v=ErOcW_CSOyQ__#1_label_A.mp4,Fighting,23.39%,Explosion,9.95%,Normal,7.82%
v=es97CGK_5XQ__#1_label_A.mp4,Normal,43.05%,Fighting,13.47%,Car Accident,8.07%
v=EToznHwS0OA__#1_label_A.mp4,Fighting,25.37%,Normal,15.52%,Explosion,15.10%
v=f6j3YWgVBto__#00-01-50_00-02-30_label_A.mp4,Normal,99.79%,Car Accident,91.51%,Abuse,34.32%
v=f6j3YWgVBto__#00-06-16_00-06-51_label_B6-0-0.mp4,Explosion,24.28%,Normal,14.09%,Fighting,8.08%
v=FfrXebzAwOg__#00-06-10_00-07-19_label_B6-0-0.mp4,Normal,12.88%,Fighting,9.74%,Car Accident,2.25%
v=fhiAyxpDQMU__#1_label_B4-0-0.mp4,Riot,64.37%,Fighting,32.39%,Shooting,8.17%
v=fIlmgvc-bUk__#1_label_B4-0-0.mp4,Riot,77.21%,Fighting,0.58%,Car Accident,0.12%
v=fkps18H3SXY__#00-00-00_00-06-00_label_A.mp4,Normal,93.25%,Fighting,0.27%,Explosion,0.01%
v=fkps18H3SXY__#00-36-00_00-42-00_label_A.mp4,Normal,63.14%,Fighting,2.88%,Explosion,0.20%
v=fkps18H3SXY__#00-54-00_01-00-00_label_A.mp4,Normal,98.92%,Explosion,0.60%,Fighting,0.42%
v=fQQzg2VfJME__#1_label_B4-0-0.mp4,Fighting,10.85%,Explosion,7.94%,Normal,3.97%
v=FRj2K0ulD8Q__#00-00-00_00-00-57_label_B4-0-0.mp4,Fighting,82.71%,Explosion,53.82%,Abuse,7.22%
v=FRj2K0ulD8Q__#00-04-16_00-06-05_label_B4-0-0.mp4,Car Accident,56.24%,Fighting,13.82%,Normal,9.11%
v=FRj2K0ulD8Q__#00-06-05_00-08-25_label_B4-0-0.mp4,Normal,13.59%,Fighting,10.15%,Riot,8.74%
v=FW_qbiPH7UA__#1_label_B1-0-0.mp4,Explosion,24.43%,Fighting,22.08%,Car Accident,16.64%
v=g2v3EkBj9Zc__#1_label_B4-0-0.mp4,Car Accident,12.36%,Explosion,11.89%,Fighting,11.56%
v=g4FnGZ5MAdo__#1_label_A.mp4,Car Accident,73.59%,Abuse,30.06%,Normal,12.11%
v=g7fnNf88IOc__#1_label_A.mp4,Fighting,9.40%,Car Accident,8.01%,Riot,4.98%
v=GbMQ2CxeNHU__#1_label_B4-0-0.mp4,Riot,38.01%,Explosion,24.57%,Fighting,8.55%
v=gbRIKogNZvE__#1_label_B4-0-0.mp4,Normal,82.59%,Fighting,12.61%,Explosion,4.57%
v=gENp4SyNxkI__#1_label_B1-0-0.mp4,Riot,6.76%,Fighting,6.35%,Shooting,1.46%
v=gGlqujwrhbI__#00-12-00_00-15-00_label_A.mp4,Normal,65.21%,Explosion,22.28%,Car Accident,6.80%
v=GI49YSCruwY__#1_label_B4-0-0.mp4,Riot,79.33%,Fighting,33.65%,Abuse,9.47%
v=GN-7_ye5k4E__#1_label_G-0-0.mp4,Explosion,17.47%,Fighting,14.62%,Normal,10.33%
v=GnN9VTh_s2A__#1_label_A.mp4,Explosion,82.01%,Fighting,17.79%,Riot,4.32%
v=gp_D8r-2hwk__#1_label_G-0-0.mp4,Normal,47.36%,Explosion,18.98%,Fighting,2.31%
v=GqMh_HBNWZE__#00-01-00_00-02-45_label_B6-0-0.mp4,Normal,51.47%,Fighting,18.08%,Explosion,12.27%
v=GrHfWKeTDEI__#1_label_A.mp4,Car Accident,3.39%,Shooting,1.91%,Normal,0.98%
v=gsz_P8t-KM4__#1_label_B4-0-0.mp4,Fighting,28.41%,Riot,24.92%,Explosion,1.24%
v=gxrLosPS27c__#1_label_A.mp4,Fighting,5.30%,Car Accident,2.83%,Explosion,2.32%
v=H12BVHrNiXs__#1_label_A.mp4,Fighting,17.15%,Car Accident,6.15%,Riot,2.82%
v=H5W58Loofks__#00-05-50_00-06-20_label_B6-0-0.mp4,Car Accident,30.30%,Normal,8.81%,Explosion,8.12%
v=H9Y5_X1sEEA__#00-03-00_00-06-00_label_A.mp4,Normal,97.60%,Explosion,0.74%,Fighting,0.33%
v=H9Y5_X1sEEA__#00-30-00_00-33-00_label_A.mp4,Normal,98.47%,Fighting,1.52%,Car Accident,1.44%
v=H9Y5_X1sEEA__#00-36-00_00-39-00_label_A.mp4,Explosion,36.00%,Normal,35.06%,Fighting,13.88%
v=H9Y5_X1sEEA__#00-42-00_00-45-00_label_A.mp4,Normal,99.85%,Car Accident,4.13%,Fighting,1.92%
v=H9Y5_X1sEEA__#00-45-00_00-48-00_label_A.mp4,Normal,59.11%,Fighting,9.80%,Car Accident,5.87%
v=hAHXCMRvY_I__#1_label_G-0-0.mp4,Explosion,56.84%,Shooting,37.95%,Car Accident,14.67%
v=hdy5kZ5dwj8__#1_label_A.mp4,Fighting,14.47%,Car Accident,13.41%,Normal,7.79%
v=Hd_2Y29_FLU__#1_label_A.mp4,Fighting,13.22%,Normal,2.40%,Explosion,1.88%
v=hgoGZZSMhMQ__#1_label_A.mp4,Normal,89.86%,Explosion,0.44%,Fighting,0.24%
v=HksDvkX6Bjk__#1_label_A.mp4,Normal,83.22%,Car Accident,7.09%,Fighting,4.32%
v=Hnfy9XhlIPM__#1_label_B4-0-0.mp4,Riot,63.85%,Fighting,13.53%,Abuse,4.25%
v=HSisjzLESak__#00-00-00_00-00-51_label_B6-0-0.mp4,Car Accident,54.70%,Explosion,13.86%,Fighting,7.09%
v=HSisjzLESak__#00-01-00_00-02-45_label_B6-0-0.mp4,Car Accident,61.76%,Explosion,9.54%,Fighting,3.62%
v=HSisjzLESak__#00-07-40_00-08-50_label_B6-0-0.mp4,Fighting,12.14%,Normal,11.96%,Explosion,11.87%
v=HTEyaXBPf9U__#1_label_A.mp4,Car Accident,31.55%,Fighting,26.87%,Explosion,4.32%
v=HUL83wCQATc__#1_label_B1-0-0.mp4,Fighting,12.44%,Explosion,4.72%,Car Accident,2.50%
v=hxyhulJYz5I__#00-06-09_00-07-00_label_B6-0-0.mp4,Car Accident,18.56%,Fighting,18.05%,Normal,11.68%
v=I7oSupyExVY__#1_label_A.mp4,Fighting,55.23%,Car Accident,37.65%,Explosion,33.22%
v=Ia9ATKNeUbY__#00-01-52_00-03-10_label_B6-0-0.mp4,Normal,84.10%,Fighting,6.29%,Car Accident,4.41%
v=Ia9ATKNeUbY__#00-04-19_00-05-11_label_B6-0-0.mp4,Car Accident,48.32%,Explosion,10.43%,Fighting,3.22%
v=Ia9ATKNeUbY__#00-05-19_00-06-09_label_B6-0-0.mp4,Normal,59.73%,Explosion,10.50%,Car Accident,7.68%
v=Ia9ATKNeUbY__#00-06-19_00-06-50_label_B6-0-0.mp4,Car Accident,21.21%,Explosion,20.07%,Fighting,10.25%
v=ibYV3e17R5c__#1_label_A.mp4,Normal,24.60%,Fighting,9.37%,Car Accident,6.41%
v=ICnreR1hxP0__#1_label_B4-0-0.mp4,Normal,29.82%,Explosion,8.06%,Fighting,8.02%
v=iegHZ_UWWsA__#00-14-05_00-20-33_label_B4-0-0.mp4,Riot,10.51%,Explosion,5.24%,Fighting,1.45%
v=iHuggczItBk__#00-01-00_00-02-45_label_B6-0-0.mp4,Normal,40.87%,Explosion,14.77%,Fighting,8.47%
v=iHuggczItBk__#00-03-00_00-03-55_label_B6-0-0.mp4,Explosion,53.71%,Fighting,23.15%,Car Accident,16.25%
v=iHuggczItBk__#00-04-00_00-04-55_label_B6-0-0.mp4,Car Accident,37.26%,Fighting,23.14%,Explosion,20.42%
v=iWfUqxibqG0__#1_label_G-0-0.mp4,Car Accident,14.06%,Fighting,10.79%,Explosion,7.54%
v=IWzI9V3WSnc__#1_label_B4-0-0.mp4,Fighting,47.42%,Riot,10.80%,Car Accident,8.49%
v=J67oj92maC0__#1_label_G-0-0.mp4,Explosion,23.33%,Normal,19.73%,Fighting,14.53%
v=jAvOGTD7_pU__#00-12-00_00-15-00_label_A.mp4,Normal,51.76%,Explosion,14.06%,Fighting,13.62%
v=JfLYNEsrTew__#1_label_G-0-0.mp4,Fighting,4.01%,Explosion,3.27%,Normal,1.23%
v=JHsfKFF9Oag__#1_label_A.mp4,Normal,97.20%,Fighting,2.60%,Explosion,2.48%
v=jYENhkzdpO8__#00-00-00_00-01-31_label_B6-0-0.mp4,Car Accident,56.53%,Explosion,27.42%,Normal,23.28%
v=JzrpCC7XmyE__#00-06-00_00-12-00_label_A.mp4,Normal,10.04%,Car Accident,1.70%,Fighting,1.15%
v=JzrpCC7XmyE__#01-06-00_01-12-00_label_A.mp4,Normal,55.46%,Explosion,1.92%,Fighting,0.76%
v=J_ZsNd97wXw__#1_label_G-0-0.mp4,Fighting,9.21%,Car Accident,1.90%,Explosion,0.91%
v=k7R_Qo-BiAw__#00-10-30_00-10-51_label_B6-0-0.mp4,Car Accident,22.25%,Explosion,9.87%,Normal,6.85%
v=k98yVPXiYoU__#1_label_G-0-0.mp4,Explosion,88.98%,Car Accident,57.91%,Normal,45.20%
v=KEh6EOQvQO0__#1_label_A.mp4,Normal,29.59%,Fighting,7.14%,Explosion,4.58%
v=KERh4R2BbS0__#1_label_A.mp4,Car Accident,14.78%,Fighting,8.13%,Explosion,3.56%
v=kPWdgckIhLI__#1_label_B4-0-0.mp4,Car Accident,8.34%,Fighting,7.68%,Explosion,5.72%
v=KUeUxbsBO6s__#1_label_B1-0-0.mp4,Normal,24.10%,Fighting,8.30%,Car Accident,6.60%
v=kVl-6-A9ZO4__#00-08-01_00-09-35_label_B6-0-0.mp4,Normal,78.85%,Fighting,9.91%,Explosion,5.82%
v=k_cvJa1kNaM__#1_label_B4-0-0.mp4,Riot,47.95%,Explosion,5.10%,Fighting,4.02%
v=L2Qs4KyW-Co__#1_label_A.mp4,Normal,45.74%,Explosion,17.94%,Fighting,12.25%
v=lcBUb7EOQ4o__#1_label_G-0-0.mp4,Car Accident,39.61%,Explosion,18.51%,Fighting,5.88%
v=ldnLxTablA8__#1_label_A.mp4,Normal,100.00%,Car Accident,0.38%,Fighting,0.04%
v=LJ0Pu5_Mefs__#1_label_G-0-0.mp4,Explosion,4.70%,Fighting,3.88%,Normal,1.48%
v=lpkL0Y1MhA8__#1_label_B4-0-0.mp4,Normal,8.67%,Fighting,3.48%,Explosion,3.28%
v=Lt9M_tSij_4__#00-00-00_00-04-24_label_B6-0-0.mp4,Car Accident,11.98%,Normal,6.04%,Fighting,4.64%
v=lVJVRywgmYM__#1_label_A.mp4,Normal,40.35%,Explosion,27.73%,Fighting,26.36%
v=LYzmr5ORvCg__#1_label_A.mp4,Car Accident,10.09%,Fighting,7.13%,Explosion,4.38%
v=lyZxvgPD4gM__#1_label_A.mp4,Fighting,48.67%,Riot,26.57%,Car Accident,25.94%
v=m5Ya6z6qroo__#1_label_B4-0-0.mp4,Riot,81.25%,Fighting,16.07%,Shooting,3.23%
v=m5zK-tzYCQM__#1_label_B4-0-0.mp4,Riot,41.01%,Fighting,16.30%,Explosion,4.53%
v=m8EkFsaGPzU__#1_label_B4-0-0.mp4,Fighting,63.22%,Riot,20.61%,Car Accident,14.76%
v=mfFYGFJhBI4__#1_label_A.mp4,Fighting,72.06%,Car Accident,19.50%,Riot,14.08%
v=MJLylzPRvyw__#1_label_B4-0-0.mp4,Fighting,53.43%,Riot,18.91%,Explosion,12.36%
v=MqrNCb2N5to__#1_label_B1-0-0.mp4,Fighting,65.84%,Explosion,10.16%,Car Accident,4.53%
v=MyM5G7fo7Gg__#00-06-00_00-09-00_label_A.mp4,Normal,98.12%,Fighting,0.86%,Riot,0.81%
v=MyM5G7fo7Gg__#00-18-00_00-21-00_label_A.mp4,Normal,97.78%,Riot,1.81%,Fighting,0.50%
v=n0AhGnEjako__#1_label_A.mp4,Fighting,25.91%,Car Accident,8.96%,Explosion,0.93%
v=NbNFfnVSIn8__#1_label_A.mp4,Fighting,23.63%,Explosion,2.83%,Car Accident,1.88%
v=NeAC-MfTZzU__#00-15-00_00-18-00_label_A.mp4,Normal,95.30%,Fighting,4.99%,Explosion,1.64%
v=NjI-AuzKgMc__#1_label_A.mp4,Fighting,15.25%,Car Accident,12.74%,Explosion,5.93%
v=nLAapCIlr-o__#00-07-22_00-08-19_label_B6-0-0.mp4,Normal,94.47%,Car Accident,12.22%,Explosion,2.33%
v=nLAapCIlr-o__#00-08-35_00-10-25_label_B6-0-0.mp4,Car Accident,50.76%,Explosion,18.68%,Fighting,12.16%
v=nLAapCIlr-o__#00-11-00_00-12-45_label_B6-0-0.mp4,Explosion,23.12%,Normal,9.98%,Fighting,5.87%
v=nLAapCIlr-o__#00-16-10_00-18-09_label_B6-0-0.mp4,Normal,38.32%,Fighting,9.42%,Explosion,7.56%
v=NnmqkS1e88s__#1_label_B4-0-0.mp4,Riot,86.60%,Fighting,15.22%,Car Accident,0.45%
v=ntaXjnpusxM__#1_label_G-0-0.mp4,Explosion,47.37%,Fighting,3.52%,Car Accident,1.41%
v=O9g1uuI62m0__#1_label_B4-0-0.mp4,Riot,22.46%,Fighting,8.57%,Explosion,3.64%
v=OB0-MXNPUIU__#1_label_B4-0-0.mp4,Riot,70.45%,Fighting,66.16%,Car Accident,17.22%
v=ODGDLQ0TT3M__#1_label_A.mp4,Riot,13.82%,Fighting,1.29%,Explosion,0.94%
v=OE9t3XImErk__#1_label_B1-0-0.mp4,Car Accident,12.56%,Normal,11.80%,Fighting,9.98%
v=OFxPTJxA5pg__#1_label_B4-0-0.mp4,Riot,99.97%,Fighting,8.67%,Abuse,3.74%
v=Oh6FDdpH08A__#1_label_A.mp4,Normal,23.43%,Explosion,4.21%,Car Accident,1.12%
v=oipd63DGadU__#1_label_B1-0-0.mp4,Explosion,29.85%,Fighting,27.39%,Car Accident,10.40%
v=ONsmJAyFAAw__#1_label_G-0-0.mp4,Explosion,15.44%,Fighting,13.18%,Shooting,1.96%
v=OOjjPGN8jSU__#1_label_B6-0-0.mp4,Normal,82.23%,Explosion,25.51%,Fighting,9.26%
v=osjdmjNJUdg__#1_label_B1-0-0.mp4,Fighting,34.40%,Car Accident,20.51%,Explosion,14.31%
v=ovQ1VTJ_IUI__#1_label_B1-0-0.mp4,Explosion,25.82%,Fighting,20.34%,Car Accident,16.95%
v=p2ggHwtb-Zg__#00-21-00_00-24-00_label_A.mp4,Normal,46.13%,Fighting,11.75%,Explosion,1.43%
v=p2ggHwtb-Zg__#00-24-00_00-27-00_label_A.mp4,Normal,5.15%,Fighting,0.69%,Car Accident,0.61%
v=p7kvQ4OpDgU__#1_label_B4-0-0.mp4,Fighting,33.59%,Explosion,12.96%,Car Accident,11.06%
v=pCyCi-q4MqY__#1_label_A.mp4,Fighting,39.71%,Normal,18.04%,Explosion,9.33%
v=Pf7WtK-YPDA__#1_label_A.mp4,Car Accident,21.43%,Explosion,14.12%,Fighting,10.67%
v=pFamvR9CpYw__#00-00-00_00-06-36_label_B4-0-0.mp4,Explosion,28.70%,Riot,13.38%,Fighting,11.42%
v=pFamvR9CpYw__#00-06-36_00-15-20_label_B4-0-0.mp4,Explosion,17.35%,Fighting,13.54%,Riot,5.08%
v=pHZ9gOfmY_k__#1_label_B4-0-0.mp4,Fighting,28.65%,Riot,6.53%,Shooting,1.38%
v=pL2HjXvWuPc__#1_label_B1-0-0.mp4,Fighting,51.47%,Explosion,15.95%,Car Accident,8.04%
v=plhVMWR33go__#1_label_A.mp4,Explosion,18.62%,Fighting,13.81%,Normal,7.58%
v=pMtu7fOHdII__#1_label_B1-0-0.mp4,Fighting,85.90%,Explosion,8.65%,Normal,2.95%
v=PRH5rYUHoVU__#00-00-25_00-02-50_label_B6-0-0.mp4,Normal,29.14%,Explosion,17.95%,Car Accident,12.42%
v=PuZy1PQIgrA__#1_label_B1-0-0.mp4,Fighting,31.86%,Car Accident,27.48%,Explosion,22.82%
v=PWBZiM-rkoE__#1_label_G-0-0.mp4,Normal,38.02%,Explosion,24.57%,Car Accident,10.22%
v=Q-u3Y9TkZhQ__#1_label_B4-0-0.mp4,Riot,83.98%,Car Accident,1.78%,Fighting,1.71%
v=q2SP66Jb6Cw__#00-00-00_00-06-00_label_A.mp4,Normal,99.62%,Explosion,0.06%,Fighting,0.01%
v=Q6zIX29HkSo__#1_label_B4-0-0.mp4,Riot,99.80%,Fighting,27.14%,Abuse,0.15%
v=Q7NpJXOTiMY__#1_label_G-0-0.mp4,Car Accident,25.33%,Explosion,18.10%,Fighting,10.75%
v=Q8b0XbtpFsA__#1_label_A.mp4,Fighting,68.54%,Explosion,17.20%,Car Accident,14.87%
v=Q8K7roZu3WU__#1_label_B1-0-0.mp4,Explosion,83.24%,Shooting,48.47%,Fighting,0.31%
v=Q9Re4CnFJRg__#00-01-21_00-01-47_label_G-0-0.mp4,Explosion,24.22%,Normal,23.01%,Fighting,5.35%
v=QBfO3qfo7zg__#1_label_A.mp4,Fighting,47.30%,Explosion,24.26%,Normal,3.82%
v=Qc3pAEeK16A__#1_label_B1-0-0.mp4,Car Accident,76.19%,Fighting,75.94%,Explosion,25.96%
v=qhUItxoTrmg__#1_label_A.mp4,Normal,23.63%,Explosion,6.06%,Car Accident,1.59%
v=QiLNvC7CIuY__#1_label_A.mp4,Normal,53.55%,Fighting,4.47%,Explosion,1.56%
v=qmsQ-obL1Z4__#00-03-26_00-04-04_label_B6-0-0.mp4,Normal,29.34%,Explosion,26.31%,Fighting,11.55%
v=QozLwYYVotY__#1_label_A.mp4,Fighting,37.23%,Normal,11.94%,Explosion,10.79%
v=qqsd-cZr01k__#00-01-00_00-02-45_label_B6-0-0.mp4,Explosion,45.31%,Fighting,12.32%,Car Accident,1.54%
v=qqsd-cZr01k__#00-06-10_00-07-19_label_B6-0-0.mp4,Normal,54.96%,Fighting,12.95%,Explosion,8.68%
v=qrKfaX1lCUM__#1_label_G-0-0.mp4,Explosion,24.74%,Fighting,5.64%,Normal,4.40%
v=QUlWIIHMIEQ__#1_label_A.mp4,Fighting,77.41%,Explosion,22.66%,Shooting,17.94%
v=qV4YYnXdQCc__#00-03-00_00-06-00_label_A.mp4,Normal,84.56%,Fighting,8.05%,Explosion,2.66%
v=QWwDsPSe7iM__#1_label_B4-0-0.mp4,Normal,24.92%,Fighting,23.79%,Explosion,10.79%
v=qyTGi0N4OVg__#1_label_G-0-0.mp4,Explosion,97.41%,Normal,10.38%,Shooting,6.56%
v=q_DhkdHGXos__#1_label_B1-0-0.mp4,Riot,78.88%,Fighting,41.33%,Car Accident,7.80%
v=rAlZRFZTwxM__#00-03-13_00-07-08_label_G-0-0.mp4,Fighting,4.95%,Explosion,3.82%,Normal,2.71%
v=RarYGpz-blM__#1_label_A.mp4,Fighting,30.79%,Riot,11.46%,Explosion,8.55%
v=Rc9EOFjtj0c__#1_label_B6-0-0.mp4,Normal,55.57%,Explosion,13.35%,Fighting,11.53%
v=rJgg00ic1G8__#1_label_A.mp4,Fighting,76.20%,Car Accident,17.15%,Explosion,6.67%
v=rJz4NXm6vis__#1_label_B4-0-0.mp4,Fighting,43.09%,Explosion,9.41%,Shooting,7.86%
v=rKpXqwE2rg8__#00-01-57_00-03-06_label_B4-0-0.mp4,Riot,99.99%,Fighting,23.01%,Car Accident,8.05%
v=rmDBn5Rpd3s__#1_label_A.mp4,Car Accident,5.67%,Normal,3.69%,Shooting,2.93%
v=ROrpKx3aIjA__#1_label_G-0-0.mp4,Normal,87.41%,Explosion,3.79%,Fighting,3.05%
v=RRiN5W9XwJE__#1_label_A.mp4,Normal,33.63%,Explosion,11.27%,Fighting,7.30%
v=RUjrMYWhLng__#1_label_B6-0-0.mp4,Car Accident,23.24%,Fighting,16.02%,Explosion,14.89%
v=rXWOpZ7W2fA__#1_label_B1-0-0.mp4,Fighting,41.17%,Explosion,40.35%,Car Accident,18.71%
v=S-7rRLrxnVQ__#1_label_B4-0-0.mp4,Normal,14.07%,Fighting,13.69%,Car Accident,12.60%
v=S1meRf5BsEw__#1_label_A.mp4,Normal,99.99%,Car Accident,2.50%,Explosion,1.43%
v=sbEHU4GskX4__#1_label_B1-0-0.mp4,Fighting,54.40%,Car Accident,11.44%,Explosion,2.73%
v=SdYFFo_tsfk__#00-00-00_00-06-00_label_A.mp4,Normal,44.76%,Fighting,9.11%,Explosion,6.26%
v=SdYFFo_tsfk__#00-18-00_00-24-00_label_A.mp4,Normal,7.95%,Car Accident,3.69%,Riot,1.86%
v=sE-DC2trBkI__#00-01-00_00-02-45_label_B6-0-0.mp4,Normal,17.49%,Car Accident,15.91%,Fighting,13.61%
v=sE-DC2trBkI__#00-03-00_00-04-09_label_B6-0-0.mp4,Car Accident,22.80%,Explosion,10.48%,Fighting,3.65%
v=sE-DC2trBkI__#00-09-00_00-10-05_label_B6-0-0.mp4,Car Accident,18.33%,Normal,14.86%,Fighting,13.67%
v=SE5fxK7SasU__#00-03-23_00-04-08_label_B4-0-0.mp4,Riot,99.99%,Fighting,16.40%,Explosion,2.36%
v=SmFpAAHmoII__#1_label_A.mp4,Fighting,15.72%,Explosion,15.49%,Car Accident,3.06%
v=smnw0Q7AxFQ__#1_label_A.mp4,Explosion,20.52%,Car Accident,14.28%,Fighting,9.23%
v=SMy2_qNO2Y0__#00-01-50_00-03-13_label_G-0-0.mp4,Car Accident,45.39%,Explosion,9.54%,Fighting,1.79%
v=T-LH8Gv5zzY__#1_label_B4-0-0.mp4,Riot,99.81%,Fighting,47.87%,Abuse,18.46%
v=TfS-MJoVNjM__#1_label_B4-0-0.mp4,Riot,97.69%,Fighting,17.57%,Explosion,9.40%
